index,data,vote_result,vote_prob,label,prediction
0,[186. 192. 193.   0.   0.   0.   0. 179.   0. 177. 177.],B,"('B', 0.6304347826086957)",B,CORRECT
1,[187. 193. 193. 177. 178. 185. 177. 178.   0.   0. 177.],B,"('B', 0.8260869565217391)",B,CORRECT
2,[  0. 178. 182. 187. 186.   0.   0. 187.   0. 187. 192.],D,"('D', 0.782608695652174)",D,CORRECT
3,[184. 188. 177. 179. 179. 177.   0. 182.   0. 190. 180.],B,"('B', 0.5652173913043478)",A,WRONG
4,[182. 179. 179. 179. 177. 177. 180.   0.   0. 187. 181.],A,"('A', 0.7391304347826086)",A,CORRECT
5,[184. 190. 178. 177.   0.   0. 177. 181.   0. 191. 181.],A,"('A', 0.5217391304347826)",A,CORRECT
6,[177. 177. 177. 179.   0. 181. 179. 177.   0. 181. 191.],A,"('A', 0.6304347826086957)",C,WRONG
7,[  0.   0. 177. 185.   0. 183. 177.   0.   0. 182. 190.],D,"('D', 0.5)",D,CORRECT
8,[188. 192. 193. 177. 178.   0. 177. 178.   0. 177. 177.],A,"('A', 0.6521739130434783)",B,WRONG
9,[186. 194. 199. 181.   0. 179.   0. 177.   0. 180. 177.],B,"('B', 0.5434782608695652)",B,CORRECT
10,[177. 177. 177. 179. 184.   0. 179. 177.   0. 182. 191.],A,"('A', 0.5869565217391305)",C,WRONG
11,[186. 193. 193. 177. 179. 185. 177. 179.   0. 177. 177.],B,"('B', 0.5217391304347826)",B,CORRECT
12,[  0.   0.   0. 177. 184. 177. 177. 177.   0. 189. 193.],D,"('D', 0.5652173913043478)",C,WRONG
13,[177. 181. 177. 177. 185.   0.   0.   0.   0. 189. 193.],C,"('C', 0.6304347826086957)",C,CORRECT
14,[177. 182. 180. 190.   0.   0. 177.   0.   0. 189. 193.],A,"('A', 0.5)",C,WRONG
15,[177. 182. 180. 190. 191. 185.   0.   0.   0. 191. 193.],C,"('C', 0.717391304347826)",C,CORRECT
16,[185. 191. 194. 177.   0.   0.   0. 177.   0. 187. 180.],B,"('B', 0.717391304347826)",B,CORRECT
17,[180. 190. 181. 179.   0.   0. 180. 177.   0. 188. 177.],A,"('A', 0.5217391304347826)",A,CORRECT
18,[186. 194. 198. 179. 177.   0.   0. 177.   0. 181. 177.],B,"('B', 1.0)",B,CORRECT
19,[  0. 178. 182. 188. 189.   0.   0. 177.   0. 189. 196.],D,"('D', 0.6956521739130435)",D,CORRECT
20,[177.   0. 181. 187.   0.   0.   0. 187.   0. 186. 198.],A,"('A', 0.41304347826086957)",D,WRONG
21,[  0.  177.  185.  182.  189.  184.    0.  177.    0.  188.5 196. ],D,"('D', 0.9130434782608695)",D,CORRECT
22,[  0. 182. 178. 190. 191. 185.   0. 177.   0. 191. 193.],D,"('D', 0.782608695652174)",C,WRONG
23,[177.   0.   0. 189. 190. 185.   0.   0.   0. 191. 193.],C,"('C', 0.8478260869565217)",C,CORRECT
24,[187. 194. 192. 177. 180.   0. 177. 177.   0.   0.   0.],B,"('B', 0.6739130434782609)",B,CORRECT
25,[185. 190. 181. 177.   0.   0. 177. 177.   0. 191. 181.],A,"('A', 0.5217391304347826)",A,CORRECT
26,[177. 177. 177. 178. 185. 180. 179. 177.   0. 181. 192.],C,"('C', 0.6304347826086957)",C,CORRECT
27,[184. 191. 194. 177.   0. 179.   0. 177.   0. 187. 179.],B,"('B', 0.5434782608695652)",B,CORRECT
28,[177.   0. 179. 177. 184. 177. 177.   0.   0. 189. 192.],C,"('C', 0.8260869565217391)",C,CORRECT
29,[187. 193. 193.   0. 178. 185. 177. 179.   0. 177. 177.],B,"('B', 0.8043478260869565)",B,CORRECT
30,[187. 193. 198. 182. 177. 177.   0.   0.   0. 181. 177.],C,"('C', 0.5217391304347826)",B,WRONG
31,[  0. 177. 177.   0. 185.   0. 177.   0.   0. 182. 190.],D,"('D', 0.6521739130434783)",D,CORRECT
32,[  0.  177.    0.  183.    0.  186.  178.5 177.    0.  182.  191. ],D,"('D', 0.45652173913043476)",D,CORRECT
33,[185. 191. 194. 177. 177.   0.   0. 177.   0. 187. 180.],B,"('B', 1.0)",B,CORRECT
34,[177.   0. 177.   0. 185. 181.   0. 177.   0. 185. 191.],B,"('B', 0.5217391304347826)",C,WRONG
35,[  0. 177. 185. 181. 189. 184.   0.   0.   0. 189. 196.],D,"('D', 0.8260869565217391)",D,CORRECT
36,[185. 191. 193. 177. 177.   0.   0.   0.   0. 187. 181.],B,"('B', 0.5217391304347826)",B,CORRECT
37,[187. 190. 179. 177.   0. 181.   0. 177.   0. 177. 178.],B,"('B', 0.5434782608695652)",A,WRONG
38,[177. 177. 177. 179. 185. 180. 179.   0.   0. 181. 191.],C,"('C', 0.6304347826086957)",C,CORRECT
39,[177. 182. 178. 190. 192. 186.   0.   0.   0. 190. 193.],C,"('C', 0.717391304347826)",C,CORRECT
40,[  0. 177. 185. 182.   0. 184.   0. 177.   0. 188. 196.],D,"('D', 0.6956521739130435)",D,CORRECT
41,[187. 194. 198. 180. 177. 179.   0. 177.   0.   0. 177.],B,"('B', 0.8913043478260869)",B,CORRECT
42,[177. 177. 177. 180. 185. 180. 179.   0.   0. 182. 191.],C,"('C', 0.6304347826086957)",C,CORRECT
43,[188. 194. 194. 177. 179. 185. 177. 178.   0. 177. 177.],B,"('B', 0.5217391304347826)",B,CORRECT
44,[  0.   0.   0. 177. 177.   0.   0.   0.   0. 177. 193.],D,"('D', 0.6304347826086957)",D,CORRECT
45,[187. 194. 193.   0. 179.   0. 177. 179.   0.   0. 177.],B,"('B', 0.6086956521739131)",B,CORRECT
46,[184. 191. 194. 177. 177.   0.   0.   0.   0. 186. 179.],B,"('B', 0.5217391304347826)",B,CORRECT
47,[184. 190. 177. 177.   0.   0.   0. 181.   0. 191. 181.],A,"('A', 0.5434782608695652)",A,CORRECT
48,[  0. 178. 183. 188. 185.   0.   0. 187.   0. 186. 198.],D,"('D', 0.782608695652174)",D,CORRECT
49,[177. 181. 177. 190. 191.   0.   0.   0.   0. 190. 193.],C,"('C', 0.6304347826086957)",C,CORRECT
50,[  0. 177. 177. 177.   0. 181. 179.   0.   0. 183. 192.],D,"('D', 0.8260869565217391)",C,WRONG
51,[  0.   0. 182. 185. 185.   0. 177.   0.   0. 180. 192.],D,"('D', 0.717391304347826)",D,CORRECT
52,[177.   0. 179. 189. 191.   0.   0.   0.   0. 190. 193.],C,"('C', 0.782608695652174)",C,CORRECT
53,[177. 182. 178. 190. 190. 183. 179.   0.   0. 191. 193.],D,"('D', 0.5652173913043478)",C,WRONG
54,[186. 190. 181.   0.   0. 180.   0. 177.   0. 177. 178.],A,"('A', 0.5)",A,CORRECT
55,[186. 190. 179. 177.   0. 179. 177.   0.   0. 177. 177.],A,"('A', 0.9130434782608695)",A,CORRECT
56,[184. 190. 194. 177.   0. 178.   0.   0.   0. 186. 180.],B,"('B', 0.5434782608695652)",B,CORRECT
57,[177.   0. 178. 189. 181.   0.   0. 185.   0. 177. 191.],C,"('C', 0.43478260869565216)",D,WRONG
58,[177.   0. 178. 177. 191.   0. 177. 177.   0. 191. 193.],C,"('C', 0.9347826086956522)",C,CORRECT
59,[  0. 177. 183. 182.   0. 184. 177. 187.   0. 188. 196.],D,"('D', 0.5217391304347826)",D,CORRECT
60,[187. 193. 193. 177. 177. 185. 177. 177.   0. 177. 177.],B,"('B', 0.5217391304347826)",B,CORRECT
61,[187. 190. 181.   0.   0.   0. 177.   0.   0. 178. 178.],A,"('A', 0.7608695652173914)",A,CORRECT
62,[  0. 181. 178.   0.   0. 177. 181. 177.   0. 187. 180.],D,"('D', 0.3695652173913043)",A,WRONG
63,[188. 194. 200. 181.   0. 178.   0. 177.   0. 180. 177.],B,"('B', 0.5434782608695652)",B,CORRECT
64,[  0. 177.   0. 183. 184.   0.   0. 177.   0. 183. 192.],D,"('D', 0.7391304347826086)",D,CORRECT
65,[177.   0. 179. 177. 185.   0. 177. 177.   0. 187. 193.],C,"('C', 0.9347826086956522)",C,CORRECT
66,[177.   0. 179. 177.   0. 177. 177. 177.   0. 189. 193.],C,"('C', 0.8478260869565217)",C,CORRECT
67,[184. 189. 178. 177. 178. 177.   0. 180.   0. 191. 181.],B,"('B', 0.5652173913043478)",A,WRONG
68,[185. 192. 193. 177. 179.   0.   0. 177.   0. 187. 178.],B,"('B', 1.0)",B,CORRECT
69,[177. 179. 182. 188. 186. 185.   0. 187.   0. 185. 198.],A,"('A', 0.3695652173913043)",D,WRONG
70,[177.  178.    0.  188.  184.  186.  177.  187.    0.  186.5 198. ],C,"('C', 0.6304347826086957)",D,WRONG
71,[177. 177. 177. 190.   0. 185.   0. 177.   0. 181. 191.],B,"('B', 0.5217391304347826)",C,WRONG
72,[184. 191. 194. 177.   0.   0.   0.   0.   0. 187. 179.],B,"('B', 0.6956521739130435)",B,CORRECT
73,[177. 181. 193.   0.   0.   0.   0. 177.   0. 184.   0.],B,"('B', 0.6956521739130435)",B,CORRECT
74,[177. 177. 177. 179. 185. 181. 179. 177.   0. 181. 191.],C,"('C', 0.6304347826086957)",C,CORRECT
75,[183.   0. 193. 177. 179. 178. 177. 177.   0. 177. 177.],C,"('C', 0.6304347826086957)",B,WRONG
76,[185. 194. 194. 177.   0.   0. 177. 177.   0. 187. 179.],A,"('A', 0.4782608695652174)",B,WRONG
77,[185. 190. 180. 177.   0. 180. 177.   0.   0. 178. 178.],A,"('A', 0.8695652173913043)",A,CORRECT
78,[  0. 177. 177. 185.   0. 184. 177.   0.   0. 181. 193.],D,"('D', 0.8260869565217391)",D,CORRECT
79,[  0. 177. 177.   0. 185. 184. 177.   0.   0. 181. 190.],D,"('D', 0.6956521739130435)",D,CORRECT
80,[184. 189. 178. 177. 179.   0. 177. 182.   0. 191. 179.],A,"('A', 0.9565217391304348)",A,CORRECT
81,[177. 182. 177. 190. 191. 185.   0.   0.   0. 190. 193.],C,"('C', 0.717391304347826)",C,CORRECT
82,[177. 177. 181. 184. 183. 183.   0. 178.   0. 180. 191.],A,"('A', 0.3695652173913043)",D,WRONG
83,[182. 189. 178. 177. 178.   0.   0. 182.   0. 190. 180.],B,"('B', 0.6086956521739131)",A,WRONG
84,[  0.  191.  194.  177.  177.    0.    0.  177.    0.  182.5 180. ],D,"('D', 0.6739130434782609)",B,WRONG
85,[177.   0. 181. 188. 185. 185.   0. 187.   0. 187. 198.],C,"('C', 0.6521739130434783)",D,WRONG
86,[177. 182. 179. 190. 191.   0.   0.   0.   0. 191. 193.],C,"('C', 0.6304347826086957)",C,CORRECT
87,[  0. 177. 177. 185.   0. 184. 177.   0.   0. 180. 192.],D,"('D', 0.8260869565217391)",D,CORRECT
88,[  0. 177. 177. 185. 186. 183. 177.   0.   0. 180. 193.],D,"('D', 0.8695652173913043)",D,CORRECT
89,[182. 179. 180. 179.   0.   0. 181. 177.   0. 188. 181.],A,"('A', 0.5217391304347826)",A,CORRECT
90,[181.   0. 179. 179. 183.   0. 181. 177.   0. 187. 181.],C,"('C', 0.8478260869565217)",A,WRONG
91,[177. 177. 177. 190. 190.   0. 180.   0.   0. 191. 193.],D,"('D', 0.5434782608695652)",C,WRONG
92,[181. 180.   0. 178. 184. 177. 180. 177.   0. 189. 180.],C,"('C', 0.6086956521739131)",A,WRONG
93,[185. 190. 180. 177.   0. 180. 177. 177.   0. 178. 178.],A,"('A', 0.6521739130434783)",A,CORRECT
94,[177. 177. 177.   0.   0.   0. 179. 177.   0. 183. 191.],A,"('A', 0.6739130434782609)",C,WRONG
95,[182.   0. 177. 177.   0. 177. 177.   0.   0. 191.   0.],A,"('A', 0.6086956521739131)",A,CORRECT
96,[187. 191. 198. 181. 177.   0.   0. 177.   0. 179. 177.],B,"('B', 1.0)",B,CORRECT
97,[  0.  177.  185.  182.  189.    0.    0.    0.    0.  188.5 196. ],D,"('D', 0.7391304347826086)",D,CORRECT
98,[177. 177. 177. 180. 185. 180. 179. 177.   0. 182. 191.],C,"('C', 0.6304347826086957)",C,CORRECT
99,[177.   0. 182. 188.   0.   0. 177. 187.   0. 186. 199.],C,"('C', 0.6304347826086957)",D,WRONG
100,[177. 181. 178. 189. 191. 186.   0.   0.   0. 190. 193.],C,"('C', 0.717391304347826)",C,CORRECT
101,[  0. 177.   0. 181. 189. 185.   0. 177.   0. 189. 196.],D,"('D', 0.9347826086956522)",D,CORRECT
102,[  0.   0. 179. 177.   0. 177. 177. 177.   0. 189. 193.],C,"('C', 0.5869565217391305)",C,CORRECT
103,[177.   0. 180. 177. 191. 185. 177.   0.   0. 188. 193.],C,"('C', 0.782608695652174)",C,CORRECT
104,[  0. 177. 184. 181. 189. 185.   0.   0.   0. 189. 196.],D,"('D', 0.8260869565217391)",D,CORRECT
105,[177. 177. 177. 179. 185. 181. 180. 177.   0. 181. 191.],C,"('C', 0.6304347826086957)",C,CORRECT
106,[184. 192.   0. 177. 177. 178.   0.   0.   0. 187. 178.],C,"('C', 0.6086956521739131)",B,WRONG
107,[186.   0. 193. 177. 178. 185. 177. 179.   0. 177. 177.],C,"('C', 0.6521739130434783)",B,WRONG
108,[187. 190. 182. 177.   0. 181. 177.   0.   0. 177. 178.],A,"('A', 0.8478260869565217)",A,CORRECT
109,[177.   0.   0. 186. 187. 188. 177. 177.   0. 182. 190.],C,"('C', 0.7608695652173914)",D,WRONG
110,[177. 177. 177. 179. 185. 182. 178. 177.   0. 182. 192.],C,"('C', 0.6304347826086957)",C,CORRECT
111,[  0. 177. 185. 182.   0. 184.   0. 177.   0. 189. 196.],D,"('D', 0.6956521739130435)",D,CORRECT
112,[185. 191. 194. 177.   0. 179.   0.   0.   0. 186. 179.],B,"('B', 0.5434782608695652)",B,CORRECT
113,[  0. 177.   0. 187. 185.   0. 177.   0.   0. 180. 191.],D,"('D', 0.8478260869565217)",D,CORRECT
114,[185. 194. 193. 177. 179. 185. 177. 178.   0. 177. 177.],B,"('B', 0.5217391304347826)",B,CORRECT
115,[187. 192. 194. 177.   0. 178.   0. 177.   0. 177. 180.],B,"('B', 0.5434782608695652)",B,CORRECT
116,[177.   0. 180. 177. 185.   0. 177. 177.   0. 182. 193.],C,"('C', 0.9347826086956522)",C,CORRECT
117,[  0. 190. 180. 177.   0. 177. 177.   0.   0. 178. 177.],D,"('D', 0.6304347826086957)",A,WRONG
118,[180. 180. 177. 179.   0. 177. 180. 177.   0. 189. 180.],A,"('A', 0.6521739130434783)",A,CORRECT
119,[  0.   0. 181. 177. 177.   0. 177. 177.   0. 183. 192.],C,"('C', 0.5869565217391305)",D,WRONG
120,[187. 189. 194. 177. 179.   0.   0. 178.   0.   0. 180.],B,"('B', 0.8913043478260869)",B,CORRECT
121,[185. 194. 198. 181. 177.   0.   0. 177.   0.   0. 177.],B,"('B', 0.8913043478260869)",B,CORRECT
122,[  0. 177. 177. 185. 185.   0. 177.   0.   0. 181. 190.],D,"('D', 0.8478260869565217)",D,CORRECT
123,[184. 190. 194. 177.   0. 178.   0. 177.   0. 188. 179.],B,"('B', 0.5434782608695652)",B,CORRECT
124,[182. 180. 179. 179. 184.   0. 180. 177.   0. 189. 179.],A,"('A', 0.9347826086956522)",A,CORRECT
125,[187. 194. 198. 180.   0.   0.   0. 177.   0. 181. 177.],B,"('B', 0.717391304347826)",B,CORRECT
126,[187. 194. 193. 177. 178. 185. 177. 179.   0.   0. 177.],B,"('B', 0.8260869565217391)",B,CORRECT
127,[  0. 177. 185. 182. 189.   0.   0.   0.   0. 189. 196.],D,"('D', 0.6956521739130435)",D,CORRECT
128,[177. 178. 182. 188.   0. 185.   0. 187.   0. 186.   0.],B,"('B', 0.6086956521739131)",D,WRONG
129,[187.   0. 198. 181. 177. 179. 177. 177.   0. 178. 177.],C,"('C', 0.6304347826086957)",B,WRONG
130,[  0. 177. 185. 182. 189.   0.   0. 177.   0. 189. 196.],D,"('D', 0.717391304347826)",D,CORRECT
131,[  0. 177. 185. 183.   0.   0.   0. 177.   0. 190. 195.],D,"('D', 0.5869565217391305)",D,CORRECT
132,[  0.  177.  185.    0.    0.  185.    0.  177.    0.  188.  195.5],D,"('D', 0.5217391304347826)",D,CORRECT
133,[177. 184. 181. 186. 187. 188.   0. 185.   0. 187. 197.],A,"('A', 0.3695652173913043)",D,WRONG
134,[  0. 177. 177. 185. 185. 184. 177.   0.   0. 180. 190.],D,"('D', 0.8695652173913043)",D,CORRECT
135,[184. 190. 177. 177. 179.   0.   0. 181.   0. 191. 181.],B,"('B', 0.5869565217391305)",A,WRONG
136,[177.  180.  181.  187.  185.    0.    0.  187.    0.  185.5 198. ],B,"('B', 0.43478260869565216)",D,WRONG
137,[184. 190. 177. 177.   0. 177.   0. 181.   0. 177. 178.],B,"('B', 0.5434782608695652)",A,WRONG
138,[177. 182. 178. 190.   0.   0.   0.   0.   0. 191. 193.],A,"('A', 0.45652173913043476)",C,WRONG
139,[177. 178.   0. 187. 185. 185.   0.   0.   0. 185. 197.],C,"('C', 0.6086956521739131)",D,WRONG
140,[  0. 177. 186. 182.   0.   0.   0. 177.   0. 188. 196.],D,"('D', 0.5869565217391305)",D,CORRECT
141,[185. 191. 192. 177. 177. 185. 177. 177.   0. 187. 179.],B,"('B', 0.5217391304347826)",B,CORRECT
142,[183. 190.   0. 177.   0. 180.   0. 177.   0. 177. 181.],B,"('B', 0.391304347826087)",A,WRONG
143,[187. 189. 177.   0. 180. 181. 177. 182.   0. 180. 177.],A,"('A', 0.6956521739130435)",A,CORRECT
144,[177. 178. 183. 182. 178. 184.   0. 178.   0.   0. 193.],B,"('B', 0.8260869565217391)",D,WRONG
145,[186. 193. 193. 177. 178.   0. 177.   0.   0. 177. 177.],B,"('B', 0.5434782608695652)",B,CORRECT
146,[177.   0. 181. 177. 185.   0. 177. 177.   0. 182. 192.],C,"('C', 0.9347826086956522)",C,CORRECT
147,[177.   0. 180. 177.   0.   0. 177. 177.   0. 189. 193.],C,"('C', 0.6521739130434783)",C,CORRECT
148,[184. 190. 180. 177. 179. 177. 177. 180.   0. 191. 180.],A,"('A', 0.9347826086956522)",A,CORRECT
149,[181.   0. 179.   0. 184.   0. 181. 177.   0. 189. 180.],C,"('C', 0.7608695652173914)",A,WRONG
150,[177.   0. 179. 177. 185. 177. 177. 177.   0. 189. 193.],C,"('C', 0.9347826086956522)",C,CORRECT
151,[184. 192. 194. 177. 177. 178.   0. 177.   0. 187. 179.],B,"('B', 1.0)",B,CORRECT
152,[  0. 177. 177. 185. 185. 183. 177.   0.   0. 181. 192.],D,"('D', 0.8695652173913043)",D,CORRECT
153,[177. 177. 177. 178. 185. 181. 181. 177.   0. 181. 191.],C,"('C', 0.6304347826086957)",C,CORRECT
154,[177. 180. 182. 188. 185.   0.   0. 187.   0. 186. 198.],B,"('B', 0.43478260869565216)",D,WRONG
155,[177. 182. 179. 190.   0. 185. 177.   0.   0. 191. 193.],C,"('C', 0.5)",C,CORRECT
156,[  0. 177. 185. 185. 185. 184. 177.   0.   0. 180. 194.],D,"('D', 0.9565217391304348)",D,CORRECT
157,[  0. 182. 177. 190. 191. 185.   0.   0.   0. 191. 193.],C,"('C', 0.717391304347826)",C,CORRECT
158,[185. 190. 181. 177.   0.   0.   0.   0. 177. 177. 177.],A,"('A', 0.5)",A,CORRECT
159,[  0. 179. 181. 180. 183. 187. 177. 182.   0. 177. 193.],C,"('C', 0.6086956521739131)",D,WRONG
160,[  0.   0.   0. 179.   0.   0. 179.   0.   0.   0.   0.],D,"('D', 0.5652173913043478)",C,WRONG
161,[177.   0. 180. 177. 185. 177. 177. 177.   0. 190. 193.],C,"('C', 0.9347826086956522)",C,CORRECT
162,[181. 180. 178. 177. 184. 177. 177. 177.   0. 189. 181.],A,"('A', 0.8695652173913043)",A,CORRECT
163,[187.   0. 198. 181. 177. 179.   0. 177.   0. 181. 177.],C,"('C', 0.5869565217391305)",B,WRONG
164,[186. 192. 192. 177.   0. 185. 177. 178.   0. 177. 177.],A,"('A', 0.6304347826086957)",B,WRONG
165,[  0. 177.   0. 188.   0.   0.   0.   0.   0.   0. 198.],D,"('D', 0.5869565217391305)",D,CORRECT
166,[184. 191. 194. 177.   0. 177.   0. 177.   0.   0. 180.],B,"('B', 0.6956521739130435)",B,CORRECT
167,[187. 194. 200. 181. 177.   0. 177. 177.   0. 180. 177.],A,"('A', 0.6521739130434783)",B,WRONG
168,[186. 194. 198. 180. 177. 178.   0. 177.   0. 180. 177.],B,"('B', 1.0)",B,CORRECT
169,[177. 177. 177. 179. 185.   0. 179. 177.   0. 182. 192.],A,"('A', 0.5652173913043478)",C,WRONG
170,[177. 177. 177. 178. 184.   0. 179. 177.   0. 184. 192.],A,"('A', 0.5869565217391305)",C,WRONG
171,[177.   0. 179. 177.   0. 177. 177. 177.   0. 189. 193.],C,"('C', 0.8478260869565217)",C,CORRECT
172,[182.5 188.5 177.  177.  179.    0.  177.  181.5   0.  191.  180. ],A,"('A', 0.9565217391304348)",A,CORRECT
173,[187. 191. 198.   0. 177.   0.   0. 177.   0. 181. 177.],B,"('B', 0.8913043478260869)",B,CORRECT
174,[  0. 179. 182. 187. 185. 185.   0. 187.   0. 185. 198.],D,"('D', 0.9130434782608695)",D,CORRECT
175,[177.    0.  177.    0.    0.  181.  179.  177.    0.  181.  191.5],C,"('C', 0.6304347826086957)",C,CORRECT
176,[183. 189. 177. 177. 178.   0.   0. 182.   0. 192. 180.],B,"('B', 0.6086956521739131)",A,WRONG
177,[187. 190. 181. 177.   0. 181. 177.   0.   0. 177. 178.],A,"('A', 0.8478260869565217)",A,CORRECT
178,[188. 193. 193. 177. 180.   0.   0. 178.   0.   0. 177.],B,"('B', 0.8913043478260869)",B,CORRECT
179,[  0. 194. 193. 180.   0.   0.   0. 177.   0. 178. 177.],D,"('D', 0.45652173913043476)",B,WRONG
180,[183. 190. 178. 177.   0.   0.   0. 181.   0. 191. 180.],A,"('A', 0.5434782608695652)",A,CORRECT
181,[185. 190. 180.   0.   0.   0. 177.   0.   0. 177. 177.],A,"('A', 0.782608695652174)",A,CORRECT
182,[186. 193. 193. 177.   0. 185. 177. 178.   0. 177. 177.],A,"('A', 0.6304347826086957)",B,WRONG
183,[186. 189. 179. 177.   0.   0. 177.   0.   0. 177. 177.],A,"('A', 0.782608695652174)",A,CORRECT
184,[177.   0. 179. 177. 185. 177. 177. 177.   0. 189. 193.],C,"('C', 0.9347826086956522)",C,CORRECT
185,[  0. 182. 179. 189. 191.   0.   0.   0.   0. 190. 193.],C,"('C', 0.5652173913043478)",C,CORRECT
186,[  0. 177. 184. 185. 188.   0.   0. 185.   0. 187. 196.],D,"('D', 0.782608695652174)",D,CORRECT
187,[177.   0. 178. 177. 183.   0. 177. 177.   0. 189. 191.],C,"('C', 0.9347826086956522)",C,CORRECT
188,[  0. 177. 177. 184.   0. 185. 177. 177.   0. 182. 193.],D,"('D', 0.5434782608695652)",D,CORRECT
189,[177.   0. 179. 177. 185. 177. 177. 177.   0. 188. 193.],C,"('C', 0.9347826086956522)",C,CORRECT
190,[177.   0. 180.   0. 185. 177. 177. 177.   0. 189. 193.],C,"('C', 0.7391304347826086)",C,CORRECT
191,[183. 188. 178. 177. 178.   0.   0. 181.   0. 191. 181.],B,"('B', 0.6086956521739131)",A,WRONG
192,[  0. 177. 177. 182. 189.   0.   0.   0.   0. 189. 195.],D,"('D', 0.6956521739130435)",D,CORRECT
193,[184. 189. 179. 178. 179. 177.   0. 182.   0. 191. 178.],B,"('B', 0.6086956521739131)",A,WRONG
194,[185. 192. 198. 177. 179.   0.   0. 177.   0.   0. 177.],B,"('B', 0.8913043478260869)",B,CORRECT
195,[187.   0. 193. 177. 178.   0. 177. 178.   0. 177. 177.],C,"('C', 0.717391304347826)",B,WRONG
196,[185.  191.  194.  177.  177.  177.    0.  177.    0.  187.5 179. ],B,"('B', 1.0)",B,CORRECT
197,[186. 194. 198. 180. 177. 179.   0. 177.   0. 179. 177.],B,"('B', 1.0)",B,CORRECT
198,[177.   0. 180. 177.   0. 177. 177. 177.   0. 188. 193.],C,"('C', 0.8478260869565217)",C,CORRECT
199,[177.  182.  178.  190.  191.  185.    0.    0.    0.  185.5 193. ],C,"('C', 0.717391304347826)",C,CORRECT
200,[187. 189. 181. 177.   0. 181. 177. 177.   0.   0. 179.],B,"('B', 0.5869565217391305)",A,WRONG
201,[186. 194. 198. 179. 177. 179.   0. 177.   0. 182. 177.],B,"('B', 1.0)",B,CORRECT
202,[186. 193. 193.   0. 179. 185. 177. 178.   0. 177. 177.],B,"('B', 0.8043478260869565)",B,CORRECT
203,[  0. 193. 193. 177.   0. 185. 177. 178.   0. 177. 177.],D,"('D', 0.5869565217391305)",B,WRONG
204,[184. 190. 179. 177. 179.   0.   0. 183.   0. 191. 180.],B,"('B', 0.6304347826086957)",A,WRONG
205,[186. 194. 199. 180.   0. 178.   0. 177.   0. 181. 177.],B,"('B', 0.5434782608695652)",B,CORRECT
206,[177.   0. 180. 177. 185.   0. 177. 177.   0. 189. 193.],C,"('C', 0.9347826086956522)",C,CORRECT
207,[187. 194. 193. 177. 178.   0. 177. 179.   0. 177. 177.],A,"('A', 0.6521739130434783)",B,WRONG
208,[  0. 177. 184. 181.   0.   0.   0.   0.   0. 190. 196.],D,"('D', 0.6521739130434783)",D,CORRECT
209,[184. 191. 194. 177. 177. 177.   0. 177.   0. 188. 178.],B,"('B', 0.9782608695652174)",B,CORRECT
210,[177. 177. 177. 178.   0.   0. 178. 177.   0. 181. 192.],A,"('A', 0.4782608695652174)",C,WRONG
211,[  0. 177. 185.   0. 190.   0.   0.   0.   0. 189. 197.],D,"('D', 0.5652173913043478)",D,CORRECT
212,[177.   0. 180. 177. 185. 177. 177. 177.   0. 187. 193.],C,"('C', 0.9347826086956522)",C,CORRECT
213,[185. 190. 181. 177.   0.   0. 177. 177.   0. 177. 177.],A,"('A', 0.5217391304347826)",A,CORRECT
214,[186. 194. 200. 181.   0.   0.   0. 177.   0. 183. 177.],B,"('B', 0.717391304347826)",B,CORRECT
215,[179. 184. 180. 177.   0.   0. 180.   0.   0. 188. 183.],A,"('A', 0.717391304347826)",A,CORRECT
216,[  0. 177. 185. 181. 189. 184.   0. 177.   0.   0. 196.],D,"('D', 0.8695652173913043)",D,CORRECT
217,[  0. 177. 177. 185. 185. 184. 177.   0.   0. 181. 192.],D,"('D', 0.8913043478260869)",D,CORRECT
218,[185. 193. 198. 180. 177.   0.   0. 177.   0. 177. 177.],B,"('B', 1.0)",B,CORRECT
219,[177. 177.   0. 178. 185. 182. 179. 177.   0. 181. 193.],C,"('C', 0.6304347826086957)",C,CORRECT
220,[177.   0. 179. 177.   0.   0. 177. 177.   0. 188. 192.],C,"('C', 0.6521739130434783)",C,CORRECT
221,[177. 177. 179. 177. 184. 177. 177. 177.   0. 189. 191.],C,"('C', 0.5869565217391305)",C,CORRECT
222,[185. 188. 178. 178. 178.   0. 177. 183.   0. 192. 180.],A,"('A', 0.9565217391304348)",A,CORRECT
223,[187. 190. 198. 180.   0.   0.   0. 177.   0.   0.   0.],B,"('B', 0.6086956521739131)",B,CORRECT
224,[177.   0. 180. 177.   0.   0. 177. 177.   0. 188. 193.],C,"('C', 0.6521739130434783)",C,CORRECT
225,[  0. 177. 184.   0. 189.   0. 177.   0.   0. 188. 193.],D,"('D', 0.6521739130434783)",D,CORRECT
226,[177. 181. 180.   0.   0.   0.   0.   0.   0. 190. 193.],A,"('A', 0.34782608695652173)",C,WRONG
227,[185. 191. 194. 177.   0.   0.   0. 177.   0. 188. 178.],B,"('B', 0.717391304347826)",B,CORRECT
228,[177. 177. 177. 180. 185. 181. 180. 177.   0. 182. 191.],C,"('C', 0.6304347826086957)",C,CORRECT
229,[177.   0. 178.   0. 185. 177. 177. 177.   0. 188. 193.],C,"('C', 0.7391304347826086)",C,CORRECT
230,[  0.   0. 177.   0.   0. 184. 179. 177.   0. 178. 192.],C,"('C', 0.5652173913043478)",C,CORRECT
231,[177. 177. 177. 179.   0.   0. 179. 177.   0. 181. 191.],A,"('A', 0.4782608695652174)",C,WRONG
232,[183. 189. 181. 177.   0. 181. 177.   0.   0. 177. 180.],A,"('A', 0.8695652173913043)",A,CORRECT
233,[177. 181. 178. 190.   0. 185.   0.   0.   0. 190. 194.],C,"('C', 0.43478260869565216)",C,CORRECT
234,[186. 193.   0. 177.   0. 185. 177. 177.   0. 177. 177.],A,"('A', 0.5652173913043478)",B,WRONG
235,[177.   0. 180. 177. 185. 177.   0. 177.   0. 188. 193.],C,"('C', 0.7391304347826086)",C,CORRECT
236,[177. 184. 177. 180. 185. 177. 181. 177.   0. 185. 181.],A,"('A', 0.7391304347826086)",A,CORRECT
237,[177. 182. 177.   0. 191.   0.   0.   0.   0. 190. 193.],B,"('B', 0.43478260869565216)",C,WRONG
238,[185.   0.   0. 177.   0.   0. 177. 177.   0. 177. 178.],C,"('C', 0.6521739130434783)",A,WRONG
239,[181. 181. 177. 177. 184. 177. 180. 177.   0. 187. 182.],A,"('A', 0.8260869565217391)",A,CORRECT
240,[  0. 177. 177. 185.   0.   0. 177.   0.   0. 181. 190.],D,"('D', 0.8695652173913043)",D,CORRECT
241,[181. 180. 179. 177. 184. 177. 180.   0.   0. 188. 179.],A,"('A', 0.7391304347826086)",A,CORRECT
242,[  0. 177. 184. 182.   0.   0.   0. 177.   0. 189. 196.],D,"('D', 0.5869565217391305)",D,CORRECT
243,[183. 189. 179. 177.   0.   0. 177. 182.   0. 191. 180.],A,"('A', 0.5217391304347826)",A,CORRECT
244,[177. 177. 185. 182.   0. 184.   0. 177.   0. 187.   0.],B,"('B', 0.6086956521739131)",D,WRONG
245,[187. 194. 198. 180. 177. 180.   0. 177.   0. 179. 177.],B,"('B', 1.0)",B,CORRECT
246,[177.   0.   0. 177. 185.   0. 177. 177.   0. 189. 191.],C,"('C', 0.6956521739130435)",C,CORRECT
247,[  0. 177. 177. 183.   0.   0. 177.   0.   0. 182. 192.],D,"('D', 0.8695652173913043)",D,CORRECT
248,[177.   0. 177.   0.   0. 177. 179. 177.   0. 181. 193.],C,"('C', 0.6739130434782609)",C,CORRECT
249,[186. 190. 181. 177.   0.   0. 177.   0.   0. 179. 178.],A,"('A', 0.7608695652173914)",A,CORRECT
250,[185. 191. 194. 177. 177. 177.   0. 177.   0. 188. 179.],B,"('B', 0.9782608695652174)",B,CORRECT
251,[187. 190. 180. 177.   0. 180. 177. 177.   0. 191. 180.],A,"('A', 0.6521739130434783)",A,CORRECT
252,[  0.   0. 179. 177.   0. 177. 177. 177.   0. 189. 193.],C,"('C', 0.5869565217391305)",C,CORRECT
253,[184. 178. 181.   0.   0.   0. 181.   0.   0.   0. 180.],A,"('A', 0.6956521739130435)",A,CORRECT
254,[187. 191. 198. 181. 177. 179.   0. 177.   0. 181. 177.],B,"('B', 1.0)",B,CORRECT
255,[177. 178. 181. 187. 185.   0.   0. 187.   0. 185. 197.],B,"('B', 0.43478260869565216)",D,WRONG
256,[186. 190. 180. 177.   0. 181. 177.   0.   0. 190. 177.],A,"('A', 1.0)",A,CORRECT
257,[  0. 184. 179. 185.   0.   0. 177. 185.   0. 187. 197.],D,"('D', 0.5)",D,CORRECT
258,[187. 193. 193.   0. 179. 185. 177. 178.   0. 177. 177.],B,"('B', 0.8043478260869565)",B,CORRECT
259,[177.   0. 179. 177. 184.   0.   0. 177.   0. 189. 193.],C,"('C', 0.45652173913043476)",C,CORRECT
260,[177.   0. 179. 177. 185.   0. 177. 178.   0. 187. 193.],C,"('C', 0.9347826086956522)",C,CORRECT
261,[185. 189. 193. 177. 177. 178.   0. 177.   0. 187. 180.],B,"('B', 1.0)",B,CORRECT
262,[187. 194. 198. 177.   0. 179. 177. 178.   0. 177. 177.],A,"('A', 0.6521739130434783)",B,WRONG
263,[177. 177. 177. 180. 185. 180. 179. 177.   0. 183. 192.],C,"('C', 0.6304347826086957)",C,CORRECT
264,[  0. 177. 185. 182. 189. 184.   0.   0.   0. 190. 196.],D,"('D', 0.8260869565217391)",D,CORRECT
265,[177.   0. 179. 177.   0.   0. 177. 178.   0. 189. 193.],C,"('C', 0.6521739130434783)",C,CORRECT
266,[187. 193. 192. 177. 179. 185. 177. 178.   0. 177. 177.],B,"('B', 0.5217391304347826)",B,CORRECT
267,[184. 194. 194. 177.   0.   0.   0. 177.   0. 187. 177.],B,"('B', 0.717391304347826)",B,CORRECT
268,[177. 182. 178. 189. 191.   0.   0.   0.   0. 190. 193.],C,"('C', 0.6304347826086957)",C,CORRECT
269,[  0.   0. 180. 177. 185.   0.   0. 177.   0. 189. 193.],D,"('D', 0.6739130434782609)",C,WRONG
270,[177. 180. 182. 187.   0. 186.   0. 186.   0. 185. 197.],B,"('B', 0.5217391304347826)",D,WRONG
271,[  0. 177.   0.   0. 184. 186. 177.   0.   0. 182. 193.],D,"('D', 0.8260869565217391)",D,CORRECT
272,[  0. 177. 177. 185. 185.   0. 177.   0.   0. 180. 190.],D,"('D', 0.8478260869565217)",D,CORRECT
273,[  0.  177.  177.  179.  180.  180.    0.    0.    0.  179.  191.5],D,"('D', 0.8260869565217391)",D,CORRECT
274,[183. 189. 177. 178.   0. 177.   0. 182.   0. 190. 180.],B,"('B', 0.5434782608695652)",A,WRONG
275,[181. 179.   0. 179. 184. 177. 180. 177.   0. 189. 180.],C,"('C', 0.6086956521739131)",A,WRONG
276,[177. 177. 177.   0. 191.   0. 180.   0.   0. 190. 191.],A,"('A', 0.5434782608695652)",C,WRONG
277,[  0. 177. 185. 181. 189. 185.   0.   0.   0. 188. 196.],D,"('D', 0.8260869565217391)",D,CORRECT
278,[185. 189. 177. 177. 179.   0.   0. 181.   0. 191. 180.],B,"('B', 0.6086956521739131)",A,WRONG
279,[185. 190. 180. 177.   0.   0. 177.   0.   0. 177. 178.],A,"('A', 0.782608695652174)",A,CORRECT
280,[181. 190. 178. 177. 183.   0. 181. 177.   0. 177. 178.],A,"('A', 0.8695652173913043)",A,CORRECT
281,[184. 191. 194.   0. 177. 177.   0. 177.   0. 185. 177.],B,"('B', 0.9565217391304348)",B,CORRECT
282,[  0. 181. 178. 190. 191.   0.   0.   0.   0. 191. 193.],C,"('C', 0.5652173913043478)",C,CORRECT
283,[184. 189.   0. 177. 178. 177.   0. 181.   0. 191. 180.],A,"('A', 0.4782608695652174)",A,CORRECT
284,[  0. 177.   0. 186. 185. 183. 177.   0.   0. 180. 192.],D,"('D', 0.9347826086956522)",D,CORRECT
285,[177. 177. 177. 180.   0. 181. 179. 177.   0. 182. 191.],A,"('A', 0.6304347826086957)",C,WRONG
286,[187. 194. 198. 180. 177. 179.   0.   0.   0. 182. 177.],C,"('C', 0.5217391304347826)",B,WRONG
287,[177. 178. 182. 188. 185. 185. 177.   0.   0. 185. 197.],D,"('D', 0.5217391304347826)",D,CORRECT
288,[185. 191. 194. 177. 177. 177.   0. 177.   0. 187. 179.],B,"('B', 1.0)",B,CORRECT
289,[177. 177. 177. 180. 185.   0. 180. 177.   0. 181. 192.],A,"('A', 0.5652173913043478)",C,WRONG
290,[177.   0. 179. 177. 185. 177. 177. 177.   0. 189. 193.],C,"('C', 0.9347826086956522)",C,CORRECT
291,[182. 189. 178. 177. 179. 177. 177. 181.   0. 190. 180.],A,"('A', 0.9347826086956522)",A,CORRECT
292,[186. 194. 198. 179. 177. 178.   0. 177.   0. 179. 177.],B,"('B', 1.0)",B,CORRECT
293,[186. 194. 194. 180. 177. 178.   0. 177.   0. 182.   0.],B,"('B', 1.0)",B,CORRECT
294,[182. 179. 180. 177. 183.   0. 180. 177.   0. 186. 180.],A,"('A', 0.8695652173913043)",A,CORRECT
295,[177. 177. 177. 181. 185.   0. 179. 177.   0. 183. 191.],A,"('A', 0.5652173913043478)",C,WRONG
296,[183. 190. 177. 177. 179. 177. 177. 181.   0. 191. 180.],A,"('A', 0.9347826086956522)",A,CORRECT
297,[182. 181. 179. 179. 184.   0. 181.   0.   0. 189. 180.],A,"('A', 0.717391304347826)",A,CORRECT
298,[187. 194. 193.   0. 177. 186. 177. 178.   0. 177. 177.],B,"('B', 0.8043478260869565)",B,CORRECT
299,[  0. 177. 185. 182.   0. 184.   0. 177.   0. 188. 196.],D,"('D', 0.6956521739130435)",D,CORRECT
300,[177. 178. 182. 188. 185.   0.   0. 186.   0. 185. 197.],B,"('B', 0.43478260869565216)",D,WRONG
301,[177.   0.   0. 182. 184.   0. 177. 177.   0. 180. 192.],C,"('C', 0.6739130434782609)",D,WRONG
302,[  0. 177. 177. 185. 185.   0. 177.   0.   0. 180. 190.],D,"('D', 0.8478260869565217)",D,CORRECT
303,[  0. 178.   0. 185. 185. 183. 177.   0.   0. 180. 193.],D,"('D', 0.8695652173913043)",D,CORRECT
304,[  0.   0. 180. 177. 185. 177.   0. 177.   0. 188. 193.],D,"('D', 0.6521739130434783)",C,WRONG
305,[177. 178. 185. 187. 189. 185.   0. 177.   0. 185. 198.],A,"('A', 0.3695652173913043)",D,WRONG
306,[  0. 177. 177. 186. 185.   0. 177.   0.   0. 181. 193.],D,"('D', 0.8478260869565217)",D,CORRECT
307,[187. 190. 193. 177. 179. 185. 177. 179.   0. 177. 177.],B,"('B', 0.5217391304347826)",B,CORRECT
308,[187. 194. 198. 181.   0. 179.   0. 177.   0. 177. 177.],B,"('B', 0.5434782608695652)",B,CORRECT
309,[177. 177.   0.   0.   0. 181. 179. 177.   0. 181. 192.],A,"('A', 0.45652173913043476)",C,WRONG
310,[187. 193. 193. 177. 178. 185. 177.   0.   0. 177. 177.],B,"('B', 0.717391304347826)",B,CORRECT
311,[177. 184. 178. 186.   0.   0. 177. 185.   0. 187. 198.],A,"('A', 0.4782608695652174)",D,WRONG
312,[187. 190. 181.   0.   0.   0.   0.   0.   0. 178. 177.],A,"('A', 0.5434782608695652)",A,CORRECT
313,[182. 190. 179. 177.   0. 181. 177. 177.   0. 178. 179.],A,"('A', 0.6521739130434783)",A,CORRECT
314,[  0.  177.  183.  180.    0.  183.    0.  177.    0.  188.5 196. ],D,"('D', 0.6956521739130435)",D,CORRECT
315,[177. 180. 177. 190. 191. 185.   0.   0.   0. 190. 194.],C,"('C', 0.717391304347826)",C,CORRECT
316,[177. 183. 178. 190. 191.   0.   0. 177.   0. 190. 193.],B,"('B', 0.43478260869565216)",C,WRONG
317,[187. 190. 181. 177.   0. 181.   0.   0.   0. 177. 177.],A,"('A', 0.6304347826086957)",A,CORRECT
318,[187. 191. 199. 181.   0. 178.   0. 177.   0. 180. 177.],B,"('B', 0.5434782608695652)",B,CORRECT
319,[184. 191.   0.   0.   0. 179.   0. 177.   0. 188. 178.],A,"('A', 0.6304347826086957)",B,WRONG
320,[  0. 180. 181. 187.   0. 185.   0. 187.   0. 186. 198.],D,"('D', 0.6739130434782609)",D,CORRECT
321,[177. 177.   0. 188. 186. 185. 177. 187.   0. 185. 198.],C,"('C', 0.6304347826086957)",D,WRONG
322,[  0. 190. 178. 177. 179. 177.   0. 182.   0. 190. 179.],D,"('D', 0.8043478260869565)",A,WRONG
323,[  0. 180. 180. 181.   0.   0. 181. 177.   0. 185. 180.],D,"('D', 0.41304347826086957)",A,WRONG
324,[  0. 177. 184. 181. 188.   0.   0. 177.   0. 188. 196.],D,"('D', 0.7391304347826086)",D,CORRECT
325,[186. 193. 193. 177. 178. 185. 177. 178.   0. 177. 177.],B,"('B', 0.5217391304347826)",B,CORRECT
326,[186. 194. 198. 179. 177.   0.   0. 177.   0. 179. 177.],B,"('B', 1.0)",B,CORRECT
327,[184.  191.  194.  177.    0.    0.    0.  177.    0.  187.5 179. ],B,"('B', 0.717391304347826)",B,CORRECT
328,[  0.   0. 182. 185. 186. 183. 177.   0.   0. 180. 192.],D,"('D', 0.717391304347826)",D,CORRECT
329,[177. 181. 177.   0.   0. 185.   0.   0.   0. 181. 191.],A,"('A', 0.391304347826087)",C,WRONG
330,[  0. 177. 178. 188.   0. 184. 177. 186.   0. 184. 194.],D,"('D', 0.5217391304347826)",D,CORRECT
331,[187. 190. 180. 177.   0.   0. 177.   0.   0. 177. 178.],A,"('A', 0.782608695652174)",A,CORRECT
332,[  0. 179. 181. 182.   0. 184. 177. 177.   0. 185. 198.],D,"('D', 0.6304347826086957)",D,CORRECT
333,[  0.   0. 177. 185. 185. 184. 177.   0.   0. 180. 190.],D,"('D', 0.717391304347826)",D,CORRECT
334,[  0. 177. 177. 186. 185. 183. 177.   0.   0. 180. 192.],D,"('D', 0.8913043478260869)",D,CORRECT
335,[181. 179. 182. 180. 184. 177. 181. 177.   0. 185. 181.],A,"('A', 0.6739130434782609)",A,CORRECT
336,[  0.   0. 180.   0. 185. 177. 177.   0.   0. 189. 193.],D,"('D', 0.5434782608695652)",C,WRONG
337,[185. 189. 179. 177.   0.   0. 177.   0.   0. 177. 178.],A,"('A', 0.782608695652174)",A,CORRECT
338,[  0.  177.  183.5 181.  189.  184.    0.  177.    0.  189.  196. ],D,"('D', 0.9130434782608695)",D,CORRECT
339,[  0.    0.    0.  179.    0.  187.  177.    0.    0.  182.5 192. ],D,"('D', 0.5652173913043478)",D,CORRECT
340,[184. 190. 180.   0.   0.   0.   0.   0.   0. 177. 177.],A,"('A', 0.5434782608695652)",A,CORRECT
341,[185. 191. 194. 177. 177. 177.   0.   0.   0. 185. 180.],C,"('C', 0.5217391304347826)",B,WRONG
342,[183. 189. 178. 177. 179. 177.   0. 182.   0. 191. 180.],B,"('B', 0.5652173913043478)",A,WRONG
343,[177. 177. 177. 179. 185. 182. 179. 177.   0. 183. 191.],C,"('C', 0.6304347826086957)",C,CORRECT
344,[187. 193. 193. 177.   0. 185. 177. 179.   0. 177. 177.],A,"('A', 0.6304347826086957)",B,WRONG
345,[180. 179. 180. 179. 184. 177. 180. 177.   0. 190. 180.],A,"('A', 0.8478260869565217)",A,CORRECT
346,[  0. 177. 185. 183. 189. 184.   0. 177.   0. 189. 196.],D,"('D', 0.9130434782608695)",D,CORRECT
347,[177. 178. 181. 188. 185. 185. 177. 187.   0. 185. 197.],C,"('C', 0.6304347826086957)",D,WRONG
348,[184. 191. 194. 177.   0. 180.   0. 177.   0. 187. 179.],B,"('B', 0.5434782608695652)",B,CORRECT
349,[  0. 182.   0. 179. 191. 185. 180. 177.   0. 188. 191.],D,"('D', 0.5217391304347826)",C,WRONG
350,[  0. 179. 181. 188. 186. 185.   0. 186.   0. 185. 197.],D,"('D', 0.9130434782608695)",D,CORRECT
351,[183. 189. 177. 177. 178. 177. 177. 182.   0. 191. 180.],A,"('A', 0.9347826086956522)",A,CORRECT
352,[177. 182. 178. 190. 185. 185.   0.   0.   0. 190. 193.],C,"('C', 0.717391304347826)",C,CORRECT
353,[177.   0. 177. 179. 185.   0. 180. 177.   0. 183. 191.],C,"('C', 0.8695652173913043)",C,CORRECT
354,[  0. 191.   0. 181.   0.   0.   0.   0.   0.   0.   0.],D,"('D', 0.41304347826086957)",B,WRONG
355,[  0. 177. 185. 181.   0. 184.   0. 187.   0. 188. 196.],D,"('D', 0.6521739130434783)",D,CORRECT
356,[187. 191. 198. 181.   0. 178.   0.   0.   0. 181. 177.],B,"('B', 0.5434782608695652)",B,CORRECT
357,[181.   0. 179. 177.   0.   0. 181. 177.   0. 189. 179.],C,"('C', 0.5869565217391305)",A,WRONG
358,[  0. 178.   0. 177.   0. 189.   0. 182.   0. 185. 193.],D,"('D', 0.6086956521739131)",D,CORRECT
359,[182. 180. 179.   0. 184. 177. 181. 177.   0. 188. 182.],A,"('A', 0.7608695652173914)",A,CORRECT
360,[  0. 177.   0. 185. 189. 184.   0.   0.   0. 189. 196.],D,"('D', 0.5434782608695652)",D,CORRECT
361,[  0. 179. 178.   0. 185. 177. 181.   0.   0. 185. 179.],D,"('D', 0.6304347826086957)",A,WRONG
362,[177.  184.  179.  186.  187.  188.  177.  185.    0.  187.5 197. ],C,"('C', 0.6304347826086957)",D,WRONG
363,[177. 177. 177. 180. 184.   0. 180. 177.   0. 182. 191.],A,"('A', 0.5652173913043478)",C,WRONG
364,[  0. 177. 177. 185.   0. 184. 177.   0.   0. 182. 192.],D,"('D', 0.8260869565217391)",D,CORRECT
365,[181. 180. 179. 178. 184. 177. 180. 177.   0. 188. 180.],A,"('A', 0.8913043478260869)",A,CORRECT
366,[186. 190. 181. 177.   0. 181. 177. 177.   0. 177. 178.],A,"('A', 0.6521739130434783)",A,CORRECT
367,[181.   0. 178. 178. 184.   0. 181. 177.   0. 189. 180.],C,"('C', 0.8478260869565217)",A,WRONG
368,[181. 180. 178. 178. 184. 177. 181. 177.   0. 187. 180.],A,"('A', 0.8478260869565217)",A,CORRECT
369,[187. 192. 193. 177. 179. 185. 177. 178.   0.   0.   0.],B,"('B', 0.8913043478260869)",B,CORRECT
370,[  0. 177. 184. 182. 190. 185.   0.   0.   0. 189. 192.],D,"('D', 0.8260869565217391)",D,CORRECT
371,[  0. 193. 193. 177.   0.   0. 177. 178.   0. 177. 177.],D,"('D', 0.5869565217391305)",B,WRONG
372,[  0.   0. 177. 185. 185. 184. 177.   0.   0. 180. 190.],D,"('D', 0.717391304347826)",D,CORRECT
373,[187. 187. 181.   0.   0. 182.   0.   0.   0. 177. 177.],A,"('A', 0.391304347826087)",A,CORRECT
374,[  0.   0. 180. 177. 185.   0. 177.   0.   0. 188. 192.],D,"('D', 0.6956521739130435)",C,WRONG
375,[177.   0. 179. 177. 185.   0. 177.   0.   0. 190. 193.],C,"('C', 0.7391304347826086)",C,CORRECT
376,[177. 182. 178. 190.   0.   0.   0.   0.   0. 191. 193.],A,"('A', 0.45652173913043476)",C,WRONG
377,[187. 193. 193.   0. 180. 185. 177. 179.   0. 177. 177.],B,"('B', 0.8043478260869565)",B,CORRECT
378,[187. 190. 193. 177. 178. 185. 177. 178.   0. 177. 177.],B,"('B', 0.5217391304347826)",B,CORRECT
379,[  0. 177. 184. 180. 192.   0.   0. 177.   0. 188. 194.],D,"('D', 0.717391304347826)",D,CORRECT
380,[  0.   0.   0. 183. 183.   0. 178. 177.   0. 181. 191.],C,"('C', 0.5652173913043478)",D,WRONG
381,[177. 182. 178. 189. 190.   0.   0.   0.   0. 191. 193.],C,"('C', 0.6304347826086957)",C,CORRECT
382,[177. 179. 181. 188. 185.   0.   0. 187.   0. 185. 198.],B,"('B', 0.43478260869565216)",D,WRONG
383,[186. 189. 178. 177. 178.   0. 177.   0.   0.   0. 178.],B,"('B', 0.5217391304347826)",A,WRONG
384,[  0.   0. 177. 179. 185. 177. 179. 177.   0. 188. 191.],C,"('C', 0.782608695652174)",C,CORRECT
385,[185. 194. 198.   0. 177. 177. 177. 177.   0. 181. 177.],B,"('B', 0.8043478260869565)",B,CORRECT
386,[  0.  177.    0.  181.    0.    0.    0.  181.    0.    0.  193.5],D,"('D', 0.5217391304347826)",D,CORRECT
387,[187. 194. 192. 177. 177. 177.   0. 177.   0. 177. 179.],B,"('B', 1.0)",B,CORRECT
388,[182. 188. 177. 180. 177. 177. 177. 182.   0. 190. 179.],A,"('A', 0.9347826086956522)",A,CORRECT
389,[  0.  177.  177.  183.  183.  184.  177.  177.    0.  184.5 196. ],D,"('D', 0.5652173913043478)",D,CORRECT
390,[  0. 183. 178. 190. 191. 185.   0.   0.   0. 190. 193.],C,"('C', 0.717391304347826)",C,CORRECT
391,[184. 190. 178. 177. 178.   0. 177. 181.   0. 191. 179.],A,"('A', 0.9565217391304348)",A,CORRECT
392,[187. 194. 198. 181. 177. 178.   0. 177.   0. 181. 177.],B,"('B', 1.0)",B,CORRECT
393,[184. 191. 194. 177. 177.   0.   0.   0.   0. 187. 179.],B,"('B', 0.5217391304347826)",B,CORRECT
394,[186.  190.  180.  177.    0.    0.  177.    0.    0.  177.5 179. ],A,"('A', 0.7608695652173914)",A,CORRECT
395,[185. 191. 181. 177. 178.   0.   0. 178.   0. 183. 180.],B,"('B', 0.6521739130434783)",A,WRONG
396,[  0. 180. 182. 188. 185. 185. 177.   0.   0. 185. 197.],D,"('D', 0.8478260869565217)",D,CORRECT
397,[187. 194. 193. 177. 179. 185. 177. 177.   0. 177. 177.],B,"('B', 0.5217391304347826)",B,CORRECT
398,[177.   0. 180. 177.   0.   0. 177. 177.   0. 187. 193.],C,"('C', 0.6521739130434783)",C,CORRECT
399,[  0. 178. 177. 187. 185. 185. 177. 188.   0. 181. 198.],D,"('D', 0.6739130434782609)",D,CORRECT
400,[185. 191. 180. 177.   0.   0. 177.   0.   0. 180. 178.],A,"('A', 0.7608695652173914)",A,CORRECT
401,[186. 191. 198. 179. 177. 178.   0. 177.   0. 182. 177.],B,"('B', 1.0)",B,CORRECT
402,[  0. 177. 185. 181.   0.   0.   0. 177.   0. 189. 196.],D,"('D', 0.5869565217391305)",D,CORRECT
403,[  0. 189. 178. 177.   0. 177.   0. 181.   0. 191. 180.],D,"('D', 0.6739130434782609)",A,WRONG
404,[  0.  177.  177.  185.    0.    0.  177.    0.    0.  180.5 192. ],D,"('D', 0.8695652173913043)",D,CORRECT
405,[177. 177. 179. 177.   0. 181. 179. 177.   0. 188. 192.],A,"('A', 0.6304347826086957)",C,WRONG
406,[185. 193. 193. 177. 178. 185. 177. 177.   0. 177. 177.],B,"('B', 0.5217391304347826)",B,CORRECT
407,[185. 190. 194. 177. 177.   0.   0.   0.   0. 188. 179.],B,"('B', 0.5217391304347826)",B,CORRECT
408,[177. 179. 182. 188.   0. 185. 177. 187.   0. 186. 197.],A,"('A', 0.6304347826086957)",D,WRONG
409,[177.   0. 180. 177. 185.   0. 177. 177.   0. 189. 193.],C,"('C', 0.9347826086956522)",C,CORRECT
410,[185. 194.   0. 180.   0.   0.   0. 177.   0. 181. 177.],B,"('B', 0.4782608695652174)",B,CORRECT
411,[180. 179. 182. 179.   0.   0. 180. 177.   0. 184. 181.],A,"('A', 0.5217391304347826)",A,CORRECT
412,[177. 177. 177. 179. 185.   0. 179. 177.   0. 183. 191.],A,"('A', 0.5652173913043478)",C,WRONG
413,[182. 177. 180. 178. 179.   0. 180. 177.   0. 188. 179.],A,"('A', 0.9347826086956522)",A,CORRECT
414,[184. 191. 193. 177.   0. 178.   0.   0.   0. 186. 181.],B,"('B', 0.5434782608695652)",B,CORRECT
415,[177. 177. 177. 190. 185.   0. 178. 177.   0. 186. 192.],A,"('A', 0.5434782608695652)",C,WRONG
416,[  0. 177. 177. 182. 185.   0. 177.   0.   0. 181. 193.],D,"('D', 0.8913043478260869)",D,CORRECT
417,[186. 194. 193. 177. 178. 185. 177. 178.   0. 177. 177.],B,"('B', 0.5217391304347826)",B,CORRECT
418,[  0. 177. 177.   0. 185. 184. 177.   0.   0. 182. 193.],D,"('D', 0.6956521739130435)",D,CORRECT
419,[  0.   0. 179. 177. 185.   0.   0. 177.   0. 189. 193.],D,"('D', 0.6739130434782609)",C,WRONG
420,[184.   0. 194. 177.   0. 178.   0.   0.   0. 187. 178.],C,"('C', 0.43478260869565216)",B,WRONG
421,[177. 178. 181. 188. 185. 185.   0. 187.   0. 186. 198.],A,"('A', 0.3695652173913043)",D,WRONG
422,[177. 177. 177. 179. 185. 181. 180. 177.   0. 182. 191.],C,"('C', 0.6304347826086957)",C,CORRECT
423,[184. 189. 194. 177. 177. 177.   0. 177.   0. 187. 179.],B,"('B', 1.0)",B,CORRECT
424,[184. 190. 193. 177.   0.   0. 177. 177.   0. 187. 177.],A,"('A', 0.4782608695652174)",B,WRONG
425,[177. 182. 177.   0. 191. 185.   0.   0.   0. 190. 193.],B,"('B', 0.5869565217391305)",C,WRONG
426,[177. 177. 177. 179.   0.   0. 177. 177.   0. 181. 191.],A,"('A', 0.4782608695652174)",C,WRONG
427,[181.   0. 177. 177. 179. 177.   0. 177.   0. 188. 180.],C,"('C', 0.6521739130434783)",A,WRONG
428,[186. 190. 180. 177.   0. 177. 177. 177.   0.   0. 177.],B,"('B', 0.5869565217391305)",A,WRONG
429,[185. 179. 181. 180.   0. 177. 181. 177.   0. 190. 182.],A,"('A', 0.6521739130434783)",A,CORRECT
430,[  0. 179. 182.   0.   0.   0. 177. 177.   0. 186. 198.],C,"('C', 0.45652173913043476)",D,WRONG
431,[186. 193. 193. 177. 178. 185. 177. 178.   0. 177. 177.],B,"('B', 0.5217391304347826)",B,CORRECT
432,[  0. 177. 177. 178.   0.   0.   0. 177.   0. 180. 191.],D,"('D', 0.5652173913043478)",D,CORRECT
433,[181. 178. 178.   0.   0. 177. 181. 177.   0. 188. 182.],A,"('A', 0.7608695652173914)",A,CORRECT
434,[186. 194. 198. 181.   0.   0.   0. 177.   0. 181. 177.],B,"('B', 0.717391304347826)",B,CORRECT
435,[177. 177. 177. 179.   0. 182. 179. 177.   0. 182. 191.],A,"('A', 0.6304347826086957)",C,WRONG
436,[187. 189. 178. 177.   0.   0.   0. 183.   0. 191. 179.],A,"('A', 0.5434782608695652)",A,CORRECT
437,[177. 179. 182. 187.   0. 185. 177. 187.   0. 185. 198.],A,"('A', 0.6304347826086957)",D,WRONG
438,[187.  192.  198.  180.  177.  178.  177.  179.    0.  179.5 177. ],B,"('B', 0.5217391304347826)",B,CORRECT
439,[187. 194. 199. 177. 177. 178.   0. 178.   0. 183. 177.],B,"('B', 1.0)",B,CORRECT
440,[177. 177. 182. 187.   0. 185. 177. 187.   0. 185. 198.],A,"('A', 0.6304347826086957)",D,WRONG
441,[181. 179. 178. 177. 184. 177. 181. 177.   0. 188. 179.],A,"('A', 0.8695652173913043)",A,CORRECT
442,[177. 179. 182. 188.   0.   0.   0. 187.   0. 186. 198.],B,"('B', 0.43478260869565216)",D,WRONG
443,[177. 182. 178. 190. 191.   0.   0.   0.   0. 190. 193.],C,"('C', 0.6304347826086957)",C,CORRECT
444,[  0. 177. 177. 185. 187.   0. 177.   0.   0. 181. 192.],D,"('D', 0.8478260869565217)",D,CORRECT
445,[177. 182. 178. 190. 191. 185.   0.   0.   0. 190. 193.],C,"('C', 0.717391304347826)",C,CORRECT
446,[  0. 182. 178. 190.   0.   0.   0.   0.   0. 190. 193.],D,"('D', 0.6521739130434783)",C,WRONG
447,[185. 190.   0. 177.   0. 183.   0.   0.   0. 177. 178.],C,"('C', 0.391304347826087)",A,WRONG
448,[  0. 177. 177. 179. 185.   0. 180. 177.   0. 181. 192.],D,"('D', 0.717391304347826)",C,WRONG
449,[177.   0. 181. 177.   0. 177. 177. 177.   0. 189. 193.],C,"('C', 0.8478260869565217)",C,CORRECT
450,[  0. 177. 177. 185. 185. 184. 177.   0.   0. 180. 193.],D,"('D', 0.8913043478260869)",D,CORRECT
451,[177.  179.  182.    0.  185.    0.    0.  187.    0.  185.5 198. ],A,"('A', 0.4782608695652174)",D,WRONG
452,[177. 177. 177. 179. 185. 180. 180. 177.   0. 182. 191.],C,"('C', 0.6304347826086957)",C,CORRECT
453,[187. 190. 180. 177.   0.   0.   0.   0.   0. 177. 177.],A,"('A', 0.5)",A,CORRECT
454,[185. 193. 192.   0. 178.   0. 177. 177.   0. 181. 177.],B,"('B', 0.6304347826086957)",B,CORRECT
455,[183. 189. 178. 178. 179.   0.   0. 181.   0. 190. 180.],B,"('B', 0.6086956521739131)",A,WRONG
456,[  0. 177. 185. 181.   0.   0.   0. 177.   0. 188. 196.],D,"('D', 0.5869565217391305)",D,CORRECT
457,[  0. 177. 177. 185. 185. 183. 177.   0.   0.   0. 190.],D,"('D', 0.8478260869565217)",D,CORRECT
458,[187. 190. 181.   0.   0.   0.   0. 177.   0. 177. 177.],B,"('B', 0.6086956521739131)",A,WRONG
459,[  0. 177. 184. 181. 189.   0.   0. 177.   0. 188. 196.],D,"('D', 0.717391304347826)",D,CORRECT
460,[184. 191. 194. 177. 177. 178.   0.   0.   0. 188. 178.],C,"('C', 0.5217391304347826)",B,WRONG
461,[184. 190. 178. 177.   0. 177.   0. 181.   0. 191. 180.],B,"('B', 0.5434782608695652)",A,WRONG
462,[187. 190. 178.   0.   0. 179. 177.   0.   0. 177. 177.],A,"('A', 0.7608695652173914)",A,CORRECT
463,[177. 182. 179. 190. 191. 185.   0.   0.   0. 189. 193.],C,"('C', 0.717391304347826)",C,CORRECT
464,[187. 192. 192. 177. 179. 185. 177. 179.   0. 177. 177.],B,"('B', 0.5217391304347826)",B,CORRECT
465,[  0.    0.  179.  177.    0.  177.  177.  177.    0.  189.  192.5],C,"('C', 0.5869565217391305)",C,CORRECT
466,[184.   0. 177. 177. 179. 177.   0. 182.   0. 191. 180.],C,"('C', 0.6304347826086957)",A,WRONG
467,[180. 180. 178. 179. 184. 177. 180. 177.   0. 189. 181.],A,"('A', 0.8260869565217391)",A,CORRECT
468,[177.   0. 178.   0. 191.   0.   0.   0.   0.   0. 193.],B,"('B', 0.41304347826086957)",C,WRONG
469,[185. 191. 182. 177.   0.   0. 177. 177.   0. 177. 177.],A,"('A', 0.5217391304347826)",A,CORRECT
470,[181. 180. 177. 179. 184.   0. 181. 177.   0. 190. 180.],A,"('A', 0.9347826086956522)",A,CORRECT
471,[182. 180. 179. 178. 184.   0. 180. 177.   0. 188. 180.],A,"('A', 0.9347826086956522)",A,CORRECT
472,[177. 183. 178. 189.   0. 185.   0.   0.   0. 191. 193.],C,"('C', 0.43478260869565216)",C,CORRECT
473,[  0. 194. 193.   0. 178.   0. 177. 178.   0. 177.   0.],A,"('A', 0.2826086956521739)",B,WRONG
474,[  0. 189.   0. 177. 180. 177. 177. 177.   0. 191. 180.],D,"('D', 0.5434782608695652)",A,WRONG
475,[177. 178. 181. 188. 185. 185.   0. 187.   0. 188. 198.],A,"('A', 0.3695652173913043)",D,WRONG
476,[  0. 184. 178. 186. 187. 188. 177. 185.   0. 187. 197.],D,"('D', 0.9130434782608695)",D,CORRECT
477,[  0. 177. 177. 185.   0. 183. 177. 177.   0. 181. 192.],D,"('D', 0.5434782608695652)",D,CORRECT
478,[187. 193. 193. 177.   0.   0.   0.   0.   0. 177.   0.],B,"('B', 0.5217391304347826)",B,CORRECT
479,[177. 177. 180. 179. 185.   0. 180. 177.   0. 182. 191.],A,"('A', 0.5652173913043478)",C,WRONG
480,[185. 194. 198. 177.   0.   0.   0.   0.   0. 184. 177.],B,"('B', 0.6956521739130435)",B,CORRECT
481,[186. 194. 198. 181. 177. 179.   0. 177.   0. 181. 178.],B,"('B', 1.0)",B,CORRECT
482,[187. 194. 193. 177. 177.   0. 177. 178.   0. 177. 177.],A,"('A', 0.6521739130434783)",B,WRONG
483,[187. 191. 198. 181.   0.   0.   0. 177.   0. 180. 177.],B,"('B', 0.717391304347826)",B,CORRECT
484,[177. 182. 177. 180. 185. 185. 179. 177.   0. 190. 191.],C,"('C', 0.6086956521739131)",C,CORRECT
485,[186. 190. 182. 177.   0.   0. 177.   0.   0. 177. 178.],A,"('A', 0.717391304347826)",A,CORRECT
486,[177.   0. 177. 179. 185.   0. 178. 177.   0. 181. 192.],C,"('C', 0.8478260869565217)",C,CORRECT
487,[177. 182. 178.   0.   0. 183.   0.   0.   0. 190. 193.],A,"('A', 0.391304347826087)",C,WRONG
488,[187. 192. 193. 177.   0. 185. 177.   0.   0. 188. 177.],A,"('A', 0.717391304347826)",B,WRONG
489,[  0. 177. 184. 182. 189. 184.   0. 177.   0. 189. 196.],D,"('D', 0.9130434782608695)",D,CORRECT
490,[177. 182. 178. 189. 191. 185.   0.   0.   0. 190. 193.],C,"('C', 0.717391304347826)",C,CORRECT
491,[  0. 189. 177.   0.   0.   0.   0. 183.   0. 191. 181.],D,"('D', 0.5)",A,WRONG
492,[185. 194. 198. 181. 177.   0.   0. 177.   0. 179. 177.],B,"('B', 1.0)",B,CORRECT
493,[  0. 177. 181.   0. 185. 183. 177.   0.   0. 185. 190.],D,"('D', 0.6739130434782609)",D,CORRECT
494,[177.   0. 179. 189. 191. 185.   0.   0.   0. 190. 193.],C,"('C', 0.782608695652174)",C,CORRECT
495,[  0.  177.  177.  179.    0.    0.  179.5 177.    0.  182.  191. ],D,"('D', 0.5869565217391305)",C,WRONG
496,[177. 177. 177. 181.   0. 180. 179. 177.   0. 183. 193.],A,"('A', 0.6304347826086957)",C,WRONG
497,[187. 190. 198. 177. 179.   0.   0. 179.   0.   0. 177.],B,"('B', 0.8913043478260869)",B,CORRECT
498,[187. 193. 193. 177. 179.   0. 177. 178.   0. 177. 177.],A,"('A', 0.6521739130434783)",B,WRONG
499,[177. 177. 178. 177. 185.   0. 177. 177.   0. 189. 193.],A,"('A', 0.5652173913043478)",C,WRONG
500,[187. 193. 193.   0. 178. 185. 177. 178.   0.   0. 177.],B,"('B', 0.7391304347826086)",B,CORRECT
501,[177. 178. 182. 188. 185. 186.   0. 187.   0. 187. 198.],A,"('A', 0.3695652173913043)",D,WRONG
502,[187. 193. 194. 177.   0.   0.   0. 178.   0. 177. 177.],B,"('B', 0.717391304347826)",B,CORRECT
503,[177. 182. 177. 190.   0. 185.   0.   0.   0. 191. 193.],C,"('C', 0.43478260869565216)",C,CORRECT
504,[  0. 183. 179. 185.   0.   0. 177. 185.   0. 187. 197.],D,"('D', 0.5)",D,CORRECT
505,[  0. 177. 183. 180. 188.   0.   0. 177.   0. 189. 196.],D,"('D', 0.7391304347826086)",D,CORRECT
506,[184. 191. 194. 177.   0. 177.   0. 177.   0. 187. 178.],B,"('B', 0.5434782608695652)",B,CORRECT
507,[177.   0. 177. 177. 185. 180. 179. 177.   0. 189. 193.],C,"('C', 0.9347826086956522)",C,CORRECT
508,[186. 193. 193. 179. 177.   0.   0. 178.   0. 181. 177.],B,"('B', 1.0)",B,CORRECT
509,[187.   0.   0. 181. 177.   0.   0. 177.   0. 182. 177.],C,"('C', 0.5869565217391305)",B,WRONG
510,[183. 189. 180. 177. 178.   0. 177. 182.   0. 190.   0.],A,"('A', 0.5434782608695652)",A,CORRECT
511,[187. 193. 193. 177. 178.   0. 177. 178.   0. 177. 177.],A,"('A', 0.6521739130434783)",B,WRONG
512,[181.  180.  179.  178.  184.    0.  180.5   0.    0.  188.  180. ],A,"('A', 0.717391304347826)",A,CORRECT
513,[185. 194.   0. 180. 177. 178.   0. 177.   0. 179. 177.],A,"('A', 0.4782608695652174)",B,WRONG
514,[186. 190.   0.   0. 177.   0.   0. 177.   0. 177.   0.],A,"('A', 0.5)",A,CORRECT
515,[  0. 177. 177.   0. 177. 177. 177. 177.   0. 181. 191.],D,"('D', 0.3695652173913043)",C,WRONG
516,[186. 189. 180. 177.   0.   0. 177. 177.   0. 177. 177.],A,"('A', 0.5217391304347826)",A,CORRECT
517,[183. 190. 177. 178. 184.   0.   0. 180.   0. 189. 181.],B,"('B', 0.5434782608695652)",A,WRONG
518,[181. 180. 178. 179. 184. 177. 180. 177.   0. 189. 180.],A,"('A', 0.8913043478260869)",A,CORRECT
519,[177. 177. 177. 179. 185. 181. 179. 177.   0. 181. 192.],C,"('C', 0.6304347826086957)",C,CORRECT
520,[  0. 177. 177. 185. 185. 184. 177.   0.   0. 181. 192.],D,"('D', 0.8913043478260869)",D,CORRECT
521,[184. 192. 194.   0.   0.   0.   0. 177.   0. 187. 180.],B,"('B', 0.6304347826086957)",B,CORRECT
522,[177.   0.   0. 177. 184. 177. 177. 177.   0. 189. 193.],C,"('C', 0.782608695652174)",C,CORRECT
523,[186. 192. 193.   0.   0. 185. 177. 180.   0. 177. 177.],B,"('B', 0.5)",B,CORRECT
524,[  0.  177.  177.  184.  184.    0.  178.  177.    0.  181.5 192. ],D,"('D', 0.717391304347826)",D,CORRECT
525,[177.  177.  177.  180.  185.    0.  178.  177.    0.  185.5 191. ],A,"('A', 0.5652173913043478)",C,WRONG
526,[188. 190. 180. 177.   0. 179. 177.   0.   0. 177. 177.],A,"('A', 0.8695652173913043)",A,CORRECT
527,[184. 192. 193. 177.   0.   0.   0.   0. 177. 187. 179.],B,"('B', 0.717391304347826)",B,CORRECT
528,[177.   0. 177. 179. 185. 180. 179. 178.   0. 180. 192.],C,"('C', 0.9347826086956522)",C,CORRECT
529,[184. 189. 180. 177. 178.   0.   0. 181.   0. 191. 181.],B,"('B', 0.6304347826086957)",A,WRONG
530,[177.   0. 179. 187. 187.   0.   0. 185.   0. 186. 197.],C,"('C', 0.4782608695652174)",D,WRONG
531,[186.  190.  178.    0.    0.    0.  177.  177.    0.  184.5 181. ],A,"('A', 0.7391304347826086)",A,CORRECT
532,[  0. 177. 177. 185. 185.   0. 177.   0.   0. 181. 192.],D,"('D', 0.8478260869565217)",D,CORRECT
533,[187.   0. 193. 177. 177. 185. 177. 179.   0. 177. 177.],C,"('C', 0.6304347826086957)",B,WRONG
534,[  0. 194. 199. 180.   0.   0.   0. 177.   0. 180. 177.],D,"('D', 0.43478260869565216)",B,WRONG
535,[187. 191. 193. 177.   0. 178. 177. 178.   0. 177. 179.],A,"('A', 0.6521739130434783)",B,WRONG
536,[177.  181.  178.  179.    0.    0.    0.  177.    0.  185.5 192. ],B,"('B', 0.43478260869565216)",C,WRONG
537,[187. 191. 198. 181. 177.   0.   0. 177.   0. 182. 177.],B,"('B', 1.0)",B,CORRECT
538,[177. 182. 177. 190. 191. 177.   0.   0.   0. 190. 193.],C,"('C', 0.717391304347826)",C,CORRECT
539,[177.   0. 179. 179. 185. 180. 179. 177.   0. 182. 192.],C,"('C', 0.9347826086956522)",C,CORRECT
540,[187. 192. 193. 177.   0. 185. 177.   0.   0. 177. 177.],A,"('A', 0.7391304347826086)",B,WRONG
541,[  0. 177. 177. 185.   0.   0. 177.   0.   0. 181. 190.],D,"('D', 0.8695652173913043)",D,CORRECT
542,[177. 177. 177. 179.   0. 181. 178. 177.   0. 184. 191.],A,"('A', 0.6304347826086957)",C,WRONG
543,[186. 194. 193. 177.   0. 185. 177. 178.   0. 177. 177.],A,"('A', 0.6304347826086957)",B,WRONG
544,[182. 189. 178. 177. 177.   0. 177. 180.   0. 191. 181.],A,"('A', 0.9565217391304348)",A,CORRECT
545,[183. 190. 178. 177. 178.   0.   0. 182.   0. 191. 181.],B,"('B', 0.6086956521739131)",A,WRONG
546,[  0.   0. 182. 180. 177. 180.   0. 177.   0. 179. 181.],D,"('D', 0.6521739130434783)",D,CORRECT
547,[181.   0.   0. 178.   0.   0. 180.   0.   0. 177. 180.],C,"('C', 0.5434782608695652)",A,WRONG
548,[  0. 179. 177. 181.   0.   0. 177. 179.   0. 183. 197.],D,"('D', 0.6521739130434783)",D,CORRECT
549,[188. 193. 193. 177. 179.   0. 177. 177.   0.   0. 177.],B,"('B', 0.5652173913043478)",B,CORRECT
550,[  0. 177. 177.   0. 185. 183. 177.   0.   0. 180. 193.],D,"('D', 0.6956521739130435)",D,CORRECT
551,[184. 190. 181. 177. 180. 177.   0. 181.   0. 191. 181.],B,"('B', 0.6086956521739131)",A,WRONG
552,[  0. 177.   0. 185.   0. 185. 177.   0.   0. 181. 192.],D,"('D', 0.717391304347826)",D,CORRECT
553,[177.   0. 178. 189. 185. 177.   0.   0.   0. 190. 193.],C,"('C', 0.8043478260869565)",C,CORRECT
554,[187. 191. 198. 180. 177. 178.   0.   0.   0. 184. 177.],C,"('C', 0.5217391304347826)",B,WRONG
555,[181. 179. 182. 178. 185. 177. 180. 177.   0. 185. 181.],A,"('A', 0.6739130434782609)",A,CORRECT
556,[177. 182. 177.   0. 184. 177.   0. 177.   0. 188. 193.],A,"('A', 0.5)",C,WRONG
557,[177.  177.  177.  178.  183.  180.  180.  177.    0.  179.5 191. ],C,"('C', 0.6086956521739131)",C,CORRECT
558,[186. 180. 179. 177.   0. 177. 180. 177.   0. 188. 179.],A,"('A', 0.6521739130434783)",A,CORRECT
559,[183. 189. 178. 177.   0. 177. 181. 182.   0. 191. 179.],A,"('A', 0.6521739130434783)",A,CORRECT
560,[  0. 190.   0. 177. 177. 185. 177. 178.   0.   0. 177.],D,"('D', 0.6086956521739131)",B,WRONG
561,[181. 187. 179. 178. 185.   0. 180. 177.   0. 188. 181.],A,"('A', 0.9565217391304348)",A,CORRECT
562,[177.   0. 181. 188. 185.   0.   0. 186.   0. 186. 198.],C,"('C', 0.4782608695652174)",D,WRONG
563,[184.    0.  194.  177.  177.    0.    0.  177.    0.  187.5 180. ],C,"('C', 0.391304347826087)",B,WRONG
564,[177. 182. 179. 177. 185. 185.   0.   0.   0. 190. 193.],C,"('C', 0.5869565217391305)",C,CORRECT
565,[177. 178. 181. 187. 185.   0.   0. 187.   0. 185. 198.],B,"('B', 0.43478260869565216)",D,WRONG
566,[  0. 177. 177. 185. 186.   0. 177. 187.   0. 180. 190.],D,"('D', 0.5869565217391305)",D,CORRECT
567,[  0. 179. 181. 188.   0. 183. 177. 187.   0. 181. 195.],D,"('D', 0.5217391304347826)",D,CORRECT
568,[187. 194. 198. 181. 177.   0.   0. 177.   0. 181. 177.],B,"('B', 1.0)",B,CORRECT
569,[177. 177. 177. 179. 185. 181. 180. 177.   0. 183. 191.],C,"('C', 0.6304347826086957)",C,CORRECT
570,[184. 189. 180. 177.   0. 177.   0. 180.   0. 191. 181.],B,"('B', 0.5434782608695652)",A,WRONG
571,[184. 191.   0. 177. 177. 177.   0. 177.   0. 187. 179.],A,"('A', 0.4782608695652174)",B,WRONG
572,[180. 180. 179. 180. 184.   0. 180. 177.   0. 189. 180.],A,"('A', 0.8913043478260869)",A,CORRECT
573,[184. 188. 178. 177. 179.   0.   0. 181.   0. 191. 181.],B,"('B', 0.5869565217391305)",A,WRONG
574,[187. 191. 198. 180. 177.   0.   0. 177.   0. 180. 177.],B,"('B', 1.0)",B,CORRECT
575,[185. 192. 194. 177.   0. 179.   0. 177.   0. 187. 177.],B,"('B', 0.5434782608695652)",B,CORRECT
576,[187. 194. 193. 177.   0.   0. 177. 178.   0. 177. 177.],A,"('A', 0.4782608695652174)",B,WRONG
577,[184. 188. 177. 177. 178. 177. 177. 179.   0. 191. 180.],A,"('A', 0.9347826086956522)",A,CORRECT
578,[  0.   0. 180. 177. 185.   0. 177. 177.   0. 188. 193.],C,"('C', 0.5434782608695652)",C,CORRECT
579,[  0.   0. 180. 181.   0.   0. 177.   0.   0. 181. 191.],C,"('C', 0.5434782608695652)",C,CORRECT
580,[  0. 177. 177. 182. 190.   0.   0. 177.   0. 189. 195.],D,"('D', 0.6739130434782609)",D,CORRECT
581,[187. 192. 193. 177.   0.   0. 177. 177.   0.   0. 177.],A,"('A', 0.34782608695652173)",B,WRONG
582,[186. 193. 193. 177.   0. 185. 177. 180.   0.   0. 177.],B,"('B', 0.5652173913043478)",B,CORRECT
583,[177.   0. 178. 177. 185. 177. 177. 177.   0. 189. 193.],C,"('C', 0.9347826086956522)",C,CORRECT
584,[177. 177. 177. 179. 185. 181. 179. 177.   0. 183. 191.],C,"('C', 0.6304347826086957)",C,CORRECT
585,[  0.  180.  179.  178.  184.  177.    0.  177.    0.  190.5 181. ],D,"('D', 0.8043478260869565)",A,WRONG
586,[  0. 177. 177. 179.   0. 181. 179. 177.   0. 180. 191.],D,"('D', 0.45652173913043476)",C,WRONG
587,[  0. 179. 181. 188. 185. 185.   0. 187.   0. 185. 197.],D,"('D', 0.9130434782608695)",D,CORRECT
588,[180. 179. 182. 179. 185. 177. 180. 177.   0. 185. 181.],A,"('A', 0.6304347826086957)",A,CORRECT
589,[183. 192.   0. 177. 177. 178.   0. 177.   0. 187. 178.],A,"('A', 0.4782608695652174)",B,WRONG
590,[  0. 182. 178. 190. 191. 185.   0.   0.   0. 190. 193.],C,"('C', 0.717391304347826)",C,CORRECT
591,[186. 180. 180. 181.   0.   0. 177. 177.   0. 177. 177.],A,"('A', 0.5217391304347826)",A,CORRECT
592,[  0. 177. 177. 179.   0.   0. 179. 177.   0. 181. 192.],D,"('D', 0.5869565217391305)",C,WRONG
593,[  0. 177. 185. 182. 189.   0.   0. 177.   0. 189. 196.],D,"('D', 0.717391304347826)",D,CORRECT
594,[  0. 177. 185. 183.   0. 185.   0. 177.   0. 188. 197.],D,"('D', 0.6956521739130435)",D,CORRECT
595,[177. 177. 177.   0. 185. 177. 178. 177.   0. 186. 193.],A,"('A', 0.6304347826086957)",C,WRONG
596,[184. 188. 178. 178.   0. 177.   0. 182.   0. 191. 182.],B,"('B', 0.5217391304347826)",A,WRONG
597,[  0. 194. 198. 180. 177.   0.   0. 177.   0. 178. 177.],D,"('D', 0.6521739130434783)",B,WRONG
598,[187. 192. 193. 180.   0. 179. 177. 178.   0. 182. 177.],A,"('A', 0.6521739130434783)",B,WRONG
599,[  0. 177. 177. 182. 189. 184.   0.   0.   0. 188. 196.],D,"('D', 0.8043478260869565)",D,CORRECT
600,[177.   0. 180. 177. 185.   0. 177. 177.   0. 189. 193.],C,"('C', 0.9347826086956522)",C,CORRECT
601,[  0. 177. 177. 187. 185. 184. 177. 187.   0. 181. 192.],D,"('D', 0.6304347826086957)",D,CORRECT
602,[177. 182. 178. 190. 191. 185.   0.   0.   0. 191. 193.],C,"('C', 0.717391304347826)",C,CORRECT
603,[  0. 177. 177. 181.   0.   0. 177.   0.   0. 185. 193.],D,"('D', 0.8695652173913043)",D,CORRECT
604,[187.  194.  198.  180.  177.  178.    0.  177.    0.  178.5 177.5],B,"('B', 1.0)",B,CORRECT
605,[  0. 177. 185. 182. 190.   0.   0. 177.   0. 188. 196.],D,"('D', 0.717391304347826)",D,CORRECT
606,[184. 192. 194. 177.   0.   0.   0. 177.   0. 188. 180.],B,"('B', 0.717391304347826)",B,CORRECT
607,[  0. 189. 179. 177. 177.   0. 177. 181.   0. 190. 181.],D,"('D', 0.41304347826086957)",A,WRONG
608,[177. 181. 177. 190.   0.   0.   0.   0.   0. 190. 193.],A,"('A', 0.5)",C,WRONG
609,[185.   0. 198. 180. 177. 178.   0. 177.   0. 180. 177.],C,"('C', 0.5652173913043478)",B,WRONG
610,[  0. 177. 177. 185.   0. 183. 177.   0.   0. 181. 190.],D,"('D', 0.8260869565217391)",D,CORRECT
611,[184. 190. 179. 177.   0. 177.   0. 182.   0. 191.   0.],B,"('B', 0.6086956521739131)",A,WRONG
612,[184. 189.   0. 179.   0.   0.   0. 177.   0. 190. 180.],B,"('B', 0.4782608695652174)",A,WRONG
613,[  0. 193. 198. 179.   0.   0.   0.   0.   0.   0.   0.],D,"('D', 0.45652173913043476)",B,WRONG
