1,2,3,4,5,6,7,8,9,10,11,Label
186,181,188,177,177,177,177,0,0,180,0,A
185,193,187,177,177,0,177,0,0,177,0,A
0,199,184,177,0,0,177,177,0,187,181,A
178,192,179,0,180,181,0,178,0,184,181,A
185,191,181,177,178,0,0,178,0,183,180,A
187,185,178,177,0,181,177,177,0,177,179,A
187,189,181,177,0,181,177,177,0,0,179,A
182,190,179,177,178,0,177,182,0,192,180,A
184,189,177,177,179,177,177,182,0,192,180,A
0,189,177,0,0,0,0,183,0,191,181,A
183,177,180,181,179,177,0,177,0,189,181,A
180,177,180,180,185,177,181,177,0,190,181,A
183,179,179,179,0,0,181,177,0,190,181,A
181,190,0,0,185,180,182,177,0,189,178,A
186,190,178,177,0,0,0,177,0,177,178,A
185,190,180,177,0,182,177,0,0,177,177,A
188,0,178,0,0,177,0,182,0,191,178,A
183,189,177,177,178,0,0,182,0,192,180,A
182,188,177,177,178,177,0,181,0,192,181,A
183,189,177,177,0,0,0,177,0,191,180,A
179,177,178,179,184,177,180,177,0,188,182,A
185,179,181,180,0,177,181,177,0,190,182,A
184,178,181,0,0,0,181,0,0,0,180,A
185,190,0,177,0,183,0,0,0,177,178,A
185,190,182,177,0,0,177,177,0,0,177,A
185,190,181,177,0,181,0,177,0,184.5,179,A
185,188,179,177,0,0,0,182,0,191,180,A
185,188,180,177,178,0,177,182,0,191,180,A
185,188,178,178,178,0,177,183,0,192,180,A
177,177,180,180,185,0,180,177,0,189,181,A
179,182,181,0,0,177,0,177,0,189,182,A
178,179,181,181,185,0,180,177,0,187,180,A
180,189,180,181,177,0,177,177,0,177,178,A
187,189,180,177,0,181,177,0,0,177,179,A
186,189,179,177,0,0,177,0,0,177,177,A
183,0,177,178,178,181,0,181,0,183.5,181,A
184,191,181,177,179,177,177,182,0,191,181,A
187,189,178,177,0,0,0,183,0,191,179,A
177,183,0,180,179,177,181,177,0,188,181,A
184,185,183,181,185,0,180,177,0,189,178,A
180,185,181,179,184,177,180,177,0,189,180,A
186,184,180,177,0,181,177,177,0,189,181,A
187,190,182,177,0,0,0,177,0,177,0,A
187,188,180,177,0,181,177,177,0,180,178,A
183,190,180,0,0,0,177,181,0,177,179,A
183,189,177,177,178,177,0,183,0,191,181,A
0,189,177,177,178,0,0,182,0,191,181,A
183,189,178,177,185,0,181,0,0,192,180,A
181,180,180,179,0,177,181,177,0,189,181,A
181,181,180,178,184,0,180,177,0,188,180,A
181,178,178,179,184,0,182,177,0,188,181,A
187,190,181,177,0,180,177,177,0,177,178,A
185,191,180,177,0,0,177,0,0,180,178,A
187,190,179,177,0,181,0,177,0,177,178,A
184,189,182,177,178,0,177,183,0,190,181,A
184,0,181,177,0,177,0,181,0,191,180,A
184,190,181,177,180,177,0,181,0,191,181,A
181,187,179,178,185,0,180,177,0,188,181,A
181,178,178,0,0,177,181,177,0,188,182,A
182,180,178,179,185,0,179,177,0,189,182,A
0,179,181,177,0,177,177,177,0,177,182,A
186,190,181,0,0,180,177,177,0,177,178,A
187,190,181,0,0,0,177,0,0,178,178,A
186,190,179,177,0,177,177,181,0,177,178,A
184,188,0,177,180,0,0,181,0,191,180,A
184,189,181,177,0,0,177,182,0,191.5,180,A
182,177,180,178,179,0,180,177,0,188,179,A
183,177,179,178,185,0,181,177,0,187,181,A
183,0,179,179,184,0,181,177,0,187,179,A
179,184,180,177,0,0,180,0,0,188,183,A
186,191,182,177,0,182,0,177,0,177,179,A
187,187,181,0,0,182,0,0,0,177,177,A
187,192,182,0,0,0,0,182,0,177,178,A
184,189,180,179,179,177,0,0,0,190,180,A
184,188,181,177,180,0,0,181,0,191,178,A
184,0,178,177,179,0,0,182,0,190,181,A
180,179,0,178,0,177,181,177,0,189,180,A
182,181,179,179,184,0,181,0,0,189,180,A
182,179,179,179,184,177,181,177,0,189,181,A
186,190,180,177,0,0,0,177,0,177,178,A
187,190,180,178,0,181,177,0,0,177,177,A
187,190,180,177,0,181,0,0,0,177,179,A
184,189,177,177,178,0,0,182,0,191,178,A
184,190,179,177,0,177,0,181,0,191,181,A
183,189,179,177,178,0,0,181,0,191,179.5,A
0,180,179,178,184,177,0,177,0,190.5,181,A
182,180,179,0,184,177,181,177,0,188,182,A
182,179,180,179,0,0,181,177,0,188,181,A
187,190,181,178,184,180,177,177,0,177,177,A
187,190,179,177,0,0,177,0,0,177,177,A
187,190,0,177,0,181,177,0,0,177,179,A
184,189,182,177,0,177,0,181,0,177,181,A
183,190,178,177,178,0,0,182,0,191,181,A
183,190,177,177,179,177,177,181,0,191,180,A
184,0,177,177,0,0,0,177,0,189.5,180,A
182,180,179,179,184,177,181,177,0,189,181,A
180,180,178,179,184,177,180,177,0,189,181,A
181,179,179,179,0,0,181,177,0,189,178,A
187,190,181,0,0,0,0,0,0,178,177,A
186,190,181,177,0,0,177,0,0,177,0,A
186,190,180,0,0,181,0,177,0,178,179,A
184,189,179,177,0,177,0,181,0,191,180,A
184,190,177,177,179,0,0,181,0,191,181,A
184,190,178,177,179,177,0,181,0,191,181,A
180,0,180,0,0,0,0,177,0,189.5,181,A
181,180,180,178,184,177,180,177,177,189,181,A
181,180,178,179,184,177,180,177,0,189,180,A
185,190,181,177,0,0,177,177,0,178,178,A
187,190,182,177,0,181,177,0,0,177,178,A
186,190,181,177,0,0,177,0,0,179,178,A
184,190,180,177,179,181,0,181,0,191,180,A
184,190,178,177,0,177,0,181,0,191,180,A
184,190,179,177,179,0,0,183,0,191,180,A
0,180,179,178,177,177,0,177,0,191,179,A
181,0,179,0,184,0,181,177,0,189,180,A
181,181,179,179,0,177,180,177,0,188,179,A
181,181,182,178,184,181,182,0,0,177,180,A
186,190,0,177,0,0,0,177,0,0,178,A
186,190,181,177,0,181,0,0,0,177,178,A
185,190,181,177,0,0,177,181,0,177,178,A
184,190,180,177,179,177,177,180,0,191,180,A
184,190,178,177,178,177,177,182,0,191,180,A
184,189,179,177,0,0,181,177,0,192,180,A
181,180,179,178,185,177,0,177,0,188,180,A
181,180,179,178,184,0,180.5,0,0,188,180,A
181,180,178,177,184,177,177,177,0,189,181,A
185,190,182,177,0,181,177,0,0,177,179,A
186,190,182,177,0,0,177,0,0,177,178,A
185,190,182,0,0,181,0,177,0,177,177,A
184,190,178,177,0,0,177,181,0,191,181,A
184,0,177,177,179,177,0,182,0,191,180,A
184,190,178,177,178,177,0,181,0,191,180,A
181,179,180,178,184,0,181,177,0,189.5,181,A
181,181,178,179,0,177,180,177,0,189,180,A
182,180,179,179,184,0,180,177,0,189,179,A
185,0,182,0,0,177,177,0,0,177,180,A
186,190,180,177,0,182,0,0,0,177,178,A
185,191,182,177,0,0,0,0,0,177,178,A
184,190,177,177,0,177,0,181,0,177,178,A
184,190,178,177,178,0,177,180,0,191,180,A
184,190,177,177,0,0,0,181,0,191,181,A
184,190,180,178,0,177,180,177,0,191,180,A
181,180,180,177,184,0,180,177,0,189,0,A
181,180,180,0,184,177,180,177,0,188,181,A
181,0,0,178,0,0,180,0,0,177,180,A
186,190,180,178,0,181,0,0,0,177,0,A
187,190,178,177,0,181,0,0,0,177,177,A
187,190,182,0,0,0,177,181,0,177,177,A
0,0,179,177,178,0,0,0,0,191,181,A
184,190,178,177,178,177,0,182,0,191,180.5,A
184,190,179,177,0,177,0,182,0,191,0,A
181,179,179,178,178,177,180,177,0,188,181,A
181,180,179,180,185,0,180,177,0,189,181,A
180,179,180,179,184,177,180,177,0,190,180,A
187,189,180,177,0,0,177,0,0,177,178,A
186,0,179,0,0,181,0,177,0,177,177,A
187,190,180,0,0,180,177,0,0,177,177,A
184,190,177,0,179,0,0,181,0,191,180,A
0,189,177,177,0,177,177,182,0,191,180,A
182,190,177,177,179,0,177,182,0,191,181,A
182,189,179,177,184,177,181,177,0,190,180,A
181,180,179,177,184,177,180,177,0,188,179,A
182,180,179,178,0,0,181,177,0,188,180,A
186,181,180,177,185,181,180,0,0,0,178,A
185,190,180,177,0,0,177,0,0,177,178,A
186,190,181,0,0,180,0,177,0,177,178,A
184,190,182,177,0,177,177,182,0,177,180,A
0,190,178,177,179,0,0,181,0,191,181,A
184,189,0,177,178,177,0,181,0,191,180,A
184,180,180,178,0,0,177,177,0,190.5,180,A
181,179,0,179,184,177,180,177,0,189,180,A
182,180,179,0,184,177,179,177,0,188,180,A
181,190,180,178,0,0,180,177,0,188,180,A
185,190,181,177,0,181,177,177,0,0,177,A
186,190,179,177,0,0,177,0,0,177,178,A
187,0,180,177,0,181,0,182,0,177,178,A
184,190,180,177,0,177,0,0,0,191,180,A
184,190,181,0,179,0,0,181,0,191,180,A
183,190,181,177,179,177,0,181,0,190.5,180,A
181,180,178,178,185,0,182,177,0,190,180,A
0,0,179,178,0,177,180,177,0,188,180,A
182,180,179,178,185,177,180,177,0,189,180,A
187,190,180,177,0,0,181,0,0,177,177,A
186,189,179,177,0,180,177,177,0,177,178,A
186,191,183,177,0,0,177,177,0,178,178,A
187,189,177,0,180,181,177,182,0,180,177,A
0,0,0,178,0,0,0,0,0,191,0,A
182.5,188.5,177,177,179,0,177,181.5,0,191,180,A
185,187,178,177,179,177,0,177,0,190,180,A
180,181,177,178,185,0,180,177,0,188,179,A
181,180,177,179,0,177,181,177,0,188,180,A
181,189,181,178,184,180,0,0,0,177,180,A
187,190,180,177,0,0,0,0,0,177,177,A
186,190,179,177,0,180,177,0,0,177,0,A
187,189,177,177,0,0,177,181,0,0,178,A
184,189,179,177,179,177,0,181,0,191,180,A
183,0,180,177,179,0,0,181,0,191,180.5,A
184,189,0,179,0,0,0,177,0,190,180,A
181,179,178,177,184,177,181,177,0,188,179,A
181,180,178,0,184,0,181,177,0,190,180,A
181,178,178,178,184,177,181,0,0,188,180,A
187,190,180,177,0,180,177,0,0,177,178,A
186,189,181,0,0,0,177,0,0,177,178,A
185,190,180,177,0,180,177,177,0,178,178,A
184,189,180,177,178,0,0,181,0,191,180,A
184,189,179,177,0,177,0,182,0,191,181,A
184,190,178,177,178,0,177,181,0,191,179,A
182,180,178,177,184,0,181,177,0,188,180,A
181,179,177,178,0,177,180,177,0,188,181,A
181,180,177,179,184,0,181,177,0,190,180,A
186,190,180,177,0,177,177,177,0,0,177,A
185,189,179,177,0,181,0,177,0,177,178,A
184,190,180,0,0,0,0,0,0,177,177,A
185,189,180,0,0,181,0,182,0,0,181,A
184,189,180,177,178,0,0,181,0,191,181,A
184,189,179,177,0,177,0,182,0,191,180,A
181,0,177,177,179,177,0,177,0,188,180,A
180,180,177,179,184,0,181,177,0,190,180,A
180,180,178,178,184,177,181,177,0,188,181,A
185,179,179,178,0,0,181,177,0,188,180,A
186,190,179,177,0,181,0,0,0,0,177,A
185,190,181,177,0,180,177,0,0,179,178,A
185,190,179,177,178,0,0,183,0,177,177,A
0,189,178,177,0,177,0,181,0,191,180,A
184,189,180,177,179,0,0,181,0,191,180,A
0,189,0,177,180,177,177,177,0,191,180,A
181,180,178,177,0,177,180,177,0,188,180,A
180,180,178,0,185,0,0,0,0,188,180,A
182,180,179,178,184,177,180,177,0,188,179,A
186,190,181,177,0,181,0,0,0,177,177,A
186,190,179,177,0,0,177,0,0,178,177,A
187,190,178,0,0,179,177,0,0,177,177,A
186,190,179,177,178,0,177,0,0,184,0,A
184,189,177,177,0,177,0,182,0,191,181,A
185,189,177,177,179,0,0,181,0,191,180,A
184,180,178,177,185,0,0,181,0,189,179,A
181,180,179,179,184,177,181,177,0,189,180,A
181,0,179,177,0,0,181,177,0,189,179,A
181,180,179,177,184,177,180,0,0,188,179,A
186,189,180,177,0,0,0,177,0,177,179,A
186,189,180,177,0,180,177,0,0,178,179,A
186,190,178,0,0,0,177,177,0,184.5,181,A
183,189,179,177,178,0,0,182,0,191,180,A
183,189,179,177,178,177,0,181,0,191,180,A
183,189,178,177,0,177,181,182,0,191,179,A
180,180,179,180,184,0,180,177,0,189,180,A
181,180,0,178,184,177,180,177,0,189,180,A
181,180,180,177,0,0,180,177,0,189,180,A
186,190,181,177,0,181,177,177,0,177,178,A
185,189,0,177,0,181,177,177,0,177,177,A
185,189,179,177,0,0,177,0,0,177,178,A
183,189,179,177,0,0,0,182,0,191,181,A
184,189,0,177,179,0,0,0,0,191,181,A
184,189,180,177,179,0,0,181,0,191,181,A
181,180,179,177,184,177,181,182,0,188,181,A
180,179,180,0,0,0,180,177,0,188,181,A
181,179,180,177,184,177,181,177,0,188,180,A
187,0,181,178,0,0,177,177,177,188,177,A
0,189,181,0,0,180,0,177,0,177,178,A
185,190,180,177,0,181,177,0,0,177,178,A
184,190,180,177,178,0,0,0,0,191,181,A
184,189,178,177,179,177,177,181,0,192,181,A
183,189,178,177,0,0,0,181,0,191,181,A
181,189,179,178,179,0,181,181,0,191,182,A
182,179,179,179,185,177,180,177,0,189,181,A
181,180,179,178,185,0,180,177,0,188,181,A
186,180,179,177,0,177,180,177,0,188,179,A
186,190,180,177,0,0,177,0,0,177.5,179,A
187,191,178,0,0,180,177,0,0,178,179,A
183,189,179,177,0,177,0,0,0,192,178,A
184,189,178,0,178,0,0,181,0,191,180,A
184,189,178,177,178,177,0,180,0,191,181,A
181,190,177,177,180,0,0,181,0,191,181,A
180,180,177,179,0,177,180,177,0,189,180,A
180,180,177,0,184,177,181,177,0,0,181,A
180,179,177,178,184,0,179,177,0,183,180,A
184,189,181,177,0,181,177,177,0,177,177,A
186,190,180,177,0,0,177,0,0,177,177,A
187,0,182,177,0,180,177,0,0,178,177,A
184,190,0,177,179,177,0,0,0,191,179,A
183,190,178,177,0,0,0,181,0,191,180,A
0,190,178,177,179,177,0,182,0,190,179,A
183,190,177,178,184,0,0,180,0,189,181,A
181,179,177,177,184,177,180,177,0,188,180,A
181,181,178,0,0,177,180,177,0,188,180,A
181,190,178,177,183,0,181,177,0,177,178,A
186,189,181,177,0,180,0,177,0,177,177,A
186,190,181,178,0,0,177,0,0,177,178,A
187,190,180,177,0,180,177,177,0,191,180,A
182,190,179,177,179,177,177,182,0,191,180,A
184,189,178,177,179,0,177,182,0,191,179,A
184,180,180,177,0,177,181,181,0,191,181,A
182,179,179,178,184,0,181,177,0,189,180,A
181,179,179,177,184,177,179,177,0,188.5,180,A
182,190,179,177,0,181,177,177,0,178,179,A
186,189,180,177,0,0,177,177,0,177,177,A
187,190,180,177,0,181,0,177,0,177,177,A
186,189,180,177,0,0,177,177,0,177,177,A
184,189,178,0,0,0,0,182,0,191,181,A
184,0,178,178,179,177,177,182,0,192,181,A
184,189,177,177,177,0,0,182,0,191,179,A
181,180,180,179,185,177,180,177,0,189,180,A
181,179,180,179,0,0,180,177,0,188,180,A
181,179,181,178,184,177,181,177,0,189,179,A
187,190,181,177,0,181,0,0,0,177,177,A
186,190,181,0,0,0,0,0,0,177,177,A
186,190,181,0,0,181,177,0,0,0,178,A
184,189,0,177,178,0,177,0,0,191,177,A
183,189,177,177,178,177,177,182,0,191,180,A
183,189,178,177,0,177,177,181,0,191,181,A
181,179,177,179,178,0,181,181,0,190.5,180,A
182,178,180,177,184,177,180,177,0,188,180,A
181,179,179,0,184,0,180,177,0,188,180,A
186,190,181,178,0,177,179,0,0,0,179,A
187,190,181,177,0,181,177,0,0,177,178,A
187,190,179,177,0,0,177,177,0,177,178,A
183,189,181,177,0,181,177,0,0,177,180,A
184,188,178,177,179,0,0,181,0,191,181,A
183,189,178,177,179,177,0,182,0,191,180,A
184,179,179,177,184,177,0,182,0,188,181,A
181,0,179,177,0,0,181,177,0,189,180,A
182,178,179,178,184,177,179,177,0,188,180,A
183,178,178,177,184,181,181,177,0,188,180,A
185,190,181,177,0,0,177,177,0,177,177,A
186,190,180,177,0,181,177,0,0,177,179,A
186,190,181,177,0,0,177,0,0,178,177,A
184,189,179,0,179,177,0,180,0,191,180,A
184,189,178,177,0,177,177,181,0,190.5,180,A
184,188,178,177,179,0,0,182,0,191,180,A
182,180,179,179,184,0,180,0,0,188,179,A
181,180,179,178,184,0,181,177,0,189,181,A
0,0,0,177,0,177,180,177,0,188,181,A
184,185,180.5,0,0,179,180,177,0,177,0,A
186,190,181,177,0,0,0,177,0,177,178,A
187,190,0,177,0,179,0,177,0,177,178,A
184,189,181,177,0,0,177,177,0,184,181,A
0,189,178,177,179,177,0,181,0,191,181,A
184,189,178,177,178,177,177,182,0,191,181,A
0,177,178,178,0,0,180,181,0,189,180,A
182,179,179,178,185,177,180,177,0,188,180,A
181,0,178,178,184,0,181,177,0,189,180,A
181,179,179,0,0,177,177,177,0,189,181,A
186,190,181,177,0,181,177,0,0,178,177,A
186,190,181,177,0,0,0,0,0,179,177,A
187,190,183,0,179,180,177,177,0,184,177,A
183,189,178,177,0,0,0,182,0,191,180,A
183,189,178,177,179,177,0,181,0,191,180,A
183,188,178,177,178,177,0,181,0,191,180,A
182,178,178,178,184,0,180,177,0,189,179,A
181,179,179,178,0,177,179,177,0,189,180,A
182,180,179,178,184,0,180,177,0,188,180,A
187,190,180,177,0,181,0,0,0,178,178,A
186,188,181,177,0,181,0,177,0,177,178,A
187,190,180,177,0,0,177,0,0,177,178,A
184,188,177,177,178,177,177,179,0,191,180,A
184,188,178,0,178,0,177,0,0,191,180,A
184,188,178,178,0,177,0,182,0,191,182,A
181,179,179,177,185,177,180,182,0,0,180,A
181,180,179,178,184,0,180,177,0,188,180,A
181,180,178,178,0,177,181,177,0,189,180,A
186,190,181,177,184,0,177,177,0,188,177,A
187,0,180,177,0,181,0,0,0,177.5,177,A
186,190,0,177,0,181,0,177,0,177,178,A
185,190,181,177,0,0,177,177,0,191,181,A
184,189,179,178,179,177,0,182,0,191,178,A
183,188,178,177,178,0,0,181,0,191,181,A
184,189,179,179,185,177,0,181,0,191,180,A
181,179,180,178,0,177,181,177,0,188,180,A
180,179,178,178,185,0,181,177,0,189,181,A
182,179,179,0,184,177,180,177,0,183,181,A
185,191,181,177,0,0,177,0,0,177,177,A
186,190,180,177,0,181,177,177,0,177,178,A
186,190,180,0,0,180,177,0,0,177,0,A
184,189,179,177,178,0,0,181,0,191,181,A
184,189,180,177,0,177,0,180,0,191,181,A
184,189,179,177,179,0,0,182,0,191,181,A
181,180,179,178,184,177,180,177,0,188,180,A
182,180,180,178,0,177,181,177,0,188,179,A
181,179,179,179,185,0,181,177,0,189,180,A
186,190,181,0,0,181,177,0,0,177,0,A
186,190,180,177,0,0,177,0,0,177,178,A
187,191,181,177,0,179,177,0,0,177,178,A
182,0,177,177,0,177,177,0,0,191,0,A
183,190,177,178,181,0,177,181,0,191,179,A
183,189,178,0,179,0,177,181,0,190,182,A
181,189,179,179,0,0,180,181,0,191,181,A
180,178,178,179,184,177,180,177,0,187,180,A
181,180,179,178,184,177,180,177,0,185,181,A
186,180,180,181,0,0,177,177,0,177,177,A
187,189,181,177,0,181,177,0,0,0,177,A
185,0,0,177,0,0,177,177,0,177,178,A
183,190,182,0,177,180,177,0,0,177,180,A
182,189,177,178,0,177,177,182,0,191,0,A
182,189,178,177,177,0,177,180,0,191,181,A
180,190,177,179,177,177,177,181,0,188,180,A
180,180,177,181,0,0,180,177,0,185,181,A
0,179,178,0,185,177,181,0,0,185,179,A
181,181,177,177,184,177,180,177,0,187,182,A
185,190,180,0,0,0,177,0,0,177,177,A
185,190,181,0,0,179,0,177,0,177,177,A
185,191,182,177,0,0,177,177,0,177,177,A
183,189,178,177,178,177,177,182,0,192,180,A
183,0,178,177,177,177,0,181,0,192,181,A
183,189,177,179,0,0,177,182,0,190.5,181,A
182,189,178,178,185,0,180,177,0,183,178,A
181,180,180,180,184,0,180,177,0,187,181,A
181,179,179,181,0,177,180,0,0,187,181,A
181,181,181,177,183,180,177,177,0,177,181,A
185,190,181,177,0,0,0,0,177,177,177,A
188,190,181,177,0,181,177,177,0,177,177,A
0,190,180,177,0,177,177,0,0,178,177,A
183,189,179,177,178,0,0,182,0,191,181,A
183,189,177,177,177,177,0,181,0,189,181,A
183,189,179,0,0,0,0,182,0,186,181,A
181,180,178,178,184,177,181,177,0,187,180,A
181,177,180,180,184,177,180,177,0,185,181,A
180,190,181,179,0,0,180,177,0,188,177,A
186,190,181,0,0,181,177,0,0,177,177,A
186,190,0,0,177,0,0,177,0,177,0,A
186,189,182,177,0,179,177,177,0,183.5,181,A
183,189,178,178,179,0,0,181,0,190,180,A
183,189,178,178,0,0,0,181,0,191,181,A
183,179,178,177,180,0,180,181,0,191,180,A
181,0,179,179,183,0,181,177,0,187,181,A
180,179,179,181,0,177,180,177,0,187,180,A
181,180,181,179,184,0,180,177,0,185,180,A
186,189,179,0,0,177,177,177,0,177,177,A
186,191,179,0,0,181,177,177,0,177,178,A
187,190,181,0,0,0,0,177,0,177,177,A
183,189,177,177,178,0,177,182,0,190,179,A
182,188,177,180,177,177,177,182,0,190,179,A
181,189,177,179,0,0,177,182,0,190,181,A
182,179,179,179,177,177,180,0,0,187,181,A
182,179,180,177,183,0,180,177,0,186,180,A
181,0,179,178,184,177,179,177,0,187,180,A
186,190,179,177,0,180,0,177,0,185,180,A
186,190,182,177,177,0,177,0,0,0,177,A
186,191,179,177,177,181,177,177,0,177,177,A
183,188,177,179,178,0,177,0,0,190,177,A
183,189,177,178,0,177,0,182,0,190,180,A
184,188,177,179,179,177,0,182,0,190,180,A
182,177,178,178,185,0,0,182,0,190,180,A
0,181,178,0,0,177,181,177,0,187,180,A
0,181,179,177,185,0,181,177,0,187,181,A
187,190,181,178,185,177,180,177,0,181.5,181,A
0,0,0,177,0,0,177,0,0,177,178,A
185.5,190,180.5,0,177,181,177,177,0,177,177,A
183,190,0,177,0,180,0,177,0,177,181,A
184,190,178,177,177,0,177,182,0,188,181,A
183,189,178,177,0,177,177,181,0,190,180,A
183,189,178,177,177,0,177,181,0,192,181,A
181,180,181,180,184,0,180,177,0,185,181,A
181,179,182,180,184,177,181,177,0,185,181,A
0,180,180,181,0,0,181,177,0,185,180,A
0,189,181,177,0,180,0,0,0,0,178,A
185,189,179,177,0,180,177,0,0,177,177,A
185,189,181,177,0,0,0,177,0,177,177,A
185,189,179,0,0,177,0,0,0,192,181,A
183,189,180,177,178,0,177,182,0,190,0,A
182,189,179,177,178,177,177,182,0,190,181,A
183,180,181,178,0,177,177,182,0,188,181,A
181,179,180,179,184,0,179.5,177,0,184,181,A
181,179,182,178,185,177,180,177,0,185,181,A
181,190,182,179,0,0,177,177,0,178,181,A
186,190,181,0,0,180,0,177,0,178,177,A
188,190,180,177,0,179,177,0,0,177,177,A
186,189,178,177,178,0,177,0,0,0,178,A
183,0,177,177,0,177,177,181,0,190,181,A
183,190,178,178,179,0,177,182,0,191,181,A
183,189,181,178,178,177,180,182,0,187,180,A
180,180,182,0,183,177,180,177,0,184,0,A
180,179,182,179,0,0,180,177,0,184,181,A
181,179,181,0,184,177,181,177,0,184,179,A
185,190,180,0,0,0,177,0,0,177,178,A
185,190,180,177,0,180,177,0,0,178,178,A
185,190,0,177,0,178,177,0,0,178,178,A
182,189,178,177,178,0,0,182,0,190,180,A
182,189,178,177,179,177,177,181,0,190,180,A
183,189,178,178,0,0,0,181,0,190,181,A
181,179,182,179,184,177,181,177,0,185,181,A
180,179,182,179,185,177,180,177,0,185,181,A
180,179,182,179,184,0,180,177,0,184,181,A
186,190,179,177,0,179,177,0,0,177,177,A
187,190,180,177,0,0,177,0,0,178,178,A
186,190,181,177,0,180,177,0,0,178,177,A
182,189,179,177,0,0,177,0,0,184.5,180,A
183,189,178,177,177,0,177,183,0,190,181,A
183,190,177,0,178,177,177,182,0,191,180,A
180,0,0,177,185,0,177,182,0,185,181,A
181,179,181,179,0,177,180,177,0,185,181,A
181,179,181,179,185,177,179,177,0,184,181,A
186,180,182,178,0,0,180,177,0,184,181,A
186,190,180,177,0,179,177,0,0,179,178,A
187,190,180,177,0,0,177,0,0,178,177,A
186,190,180,177,0,181,177,0,0,190,177,A
183,189,178,177,178,177,177,182,0,190,181,A
183,189,179,177,0,0,177,182,0,191,180,A
0,189,179,177,177,0,177,181,0,190,181,A
177,184,177,180,185,177,181,177,0,185,181,A
184,182,181,180,183,0,180,177,0,184,181,A
185,185,181,180,0,177,180,177,0,184,180,A
186,189,180,0,0,0,177,177,0,177,177,A
187,182,0,0,177,180,177,177,0,177,177,A
189,0,184,177,0,177,177,177,0,178,0,A
177,193,185,177,180,0,0,179,0,183,177,A
193,182,190,0,181,177,177,177,0,177,177,A
0,0,177,177,0,0,0,0,0,181,0,A
179,179,198,0,0,183,0,177,0,182,177,B
187,192,198,180,177,0,0,0,0,183,177,B
186,193,193,180,179,179,0,178,0,0,177,B
187,192,193,177,0,185,177,0,0,177,177,B
187,193,193,177,179,0,0,178,0,180,177,B
177,189,193,177,178,182,177,177,0,185,0,B
185,189,194,177,177,0,0,0,0,187,179,B
185,192,0,0,0,177,0,0,0,186,178,B
185,0,194,181,177,180,0,177,0,185.5,179,B
187,191,198,181,177,0,0,177,0,182,177,B
187,191,198,180,177,178,0,0,0,184,177,B
185,194,198,177,0,0,0,0,0,184,177,B
183,190,193,0,180,185,177,177,0,177,177,B
178,181,193,177,178,185,177,177,0,183,0,B
177,181,193,0,0,0,0,177,0,184,0,B
178,177,191,177,177,177,0,177,0,188,178,B
184,191,194,0,177,0,0,177,0,186,179,B
183,190,194,177,177,178,0,177,0,188,178,B
187,194,198,180,0,178,0,0,0,182,177,B
186,194,198,179,177,0,0,177,0,180,177,B
185,193,198,180,177,177,0,177,0,0,177,B
187,0,193,177,0,0,177,179,0,177,177,B
186,194,193,177,179,185,177,179,0,177,177,B
185,194,193,177,179,185,177,178,0,177,177,B
0,191,194,177,177,0,0,177,0,182.5,180,B
185,191,194,177,0,177,0,0,0,187,179,B
185,191,194,0,177,0,0,177,0,188,179,B
185,194,198,0,177,177,177,177,0,181,177,B
186,194,198,180,177,180,0,0,0,182,177,B
187,0,198,180,0,0,0,177,0,181,177,B
186,194,193,181,177,178,177,177,0,181,177,B
187,192,193,177,178,0,177,177,0,177,177,B
187,190,193,177,0,185,177,179,0,177,177,B
187,190,194,0,179,178,177,180,0,187,177,B
184,192,194,177,177,0,0,177,0,188,179,B
184,191,0,177,177,177,0,177,0,187,179,B
184,191,194,177,0,0,0,177,0,187,180,B
0,191,198,180,177,179,0,177,0,180,177,B
185,194,198,181,177,177,0,177,0,180,177,B
187,194,198,177,0,0,0,177,0,181,177,B
187,190,193,177,179,185,177,0,0,177,177,B
187,190,192,0,177,0,177,178,0,177,177,B
187,190,193,177,179,185,177,179,0,177,177,B
185,191,194,0,0,177,0,177,0,187,179,B
184,191,194,177,177,0,0,0,0,186,179,B
184,191,193,177,177,0,0,177,0,186,179,B
187,194,198,179,177,0,0,177,0,179,177,B
187,194,198,180,0,179,0,177,0,178,177,B
187,194,198,180,177,179,0,177,0,177.5,177,B
188,193,193,177,180,0,0,178,0,0,177,B
187,193,193,177,0,185,177,179,0,177,177,B
186,0,192,177,179,0,177,178,0,177,177,B
184,193,194,0,177,185,0,0,0,187,177,B
184,191,194,177,177,179,0,177,0,187,180,B
184,191,194,177,0,0,0,0,0,186,179,B
0,191,198,180,177,0,0,177,0,186,177,B
186,0,198,0,177,0,0,177,0,177.5,177,B
186,194,198,179,0,180,0,177,0,178,177,B
186,194,192,180,177,185,177,177,0,0,177,B
187,194,192,177,179,0,177,178,0,177,177,B
187,193,193,0,179,185,177,178,0,177,177,B
187,193,194,177,0,0,0,178,0,177,177,B
183,189,194,0,177,0,0,177,0,187,179,B
184,191,194,177,177,177,0,177,0,187,179,B
184,192,0,177,177,0,0,177,0,182,179,B
187,194,198,181,0,178,0,177,0,177,177,B
187,194,198,180,177,0,0,177,0,0,177,B
186,194,198,181,0,178,0,177,0,181,177,B
0,193,193,177,0,185,177,177,0,177,177,B
187,193,193,177,178,0,177,178,0,177,177,B
187,193,193,0,178,185,177,179,0,177,177,B
184,192,194,177,177,0,0,177,0,187,177,B
184,0,194,177,0,178,0,0,0,187,178,B
185,192,194,177,177,177,0,177,0,187,180,B
185,191,198,177,177,0,0,177,0,181,177,B
187,0,198,181,177,179,0,177,0,181,177,B
187,194,198,180,0,0,0,177,0,181,177,B
186,194,193,177,179,179,0,180,0,177,177,B
186,193,193,177,179,185,177,179,0,177,177,B
186,193,193,177,0,0,177,178,0,177,0,B
184,194,193,177,179,185,177,0,0,181.5,180,B
184,191,194,177,177,0,0,177,0,187,180,B
184,192,193,177,177,178,0,0,0,187,177,B
187,191,198,179,0,178,0,177,0,179,179,B
0,194,198,180,177,0,0,177,0,178,177,B
187,194,198,0,177,179,0,177,0,178,178,B
0,194,193,180,0,0,0,177,0,178,177,B
187,194,193,177,179,185,177,177,0,177,177,B
186,193,193,0,179,185,177,178,0,177,177,B
187,193,193,177,178,0,177,179,0,177,177,B
184,192,193,177,0,178,0,177,0,187,179,B
184,192,193,177,177,0,0,177,0,187,179,B
184,191,194,177,177,179,0,177,0,187,180,B
186,194,0,180,177,180,0,177,0,178,177,B
187,0,198,180,0,0,0,0,0,179,177,B
187,194,198,180,177,180,0,177,0,179,177,B
188,194,198,0,180,0,177,179,0,178.5,177,B
187,193,193,0,0,185,177,177,0,177,177,B
187,192,192,177,179,185,177,179,0,177,177,B
187,192,193,0,177,0,0,177,0,188,177,B
185,191,194,0,177,178,0,177,0,187,179,B
184,192,193,177,0,0,0,0,177,187,179,B
185,192,194,177,0,179,0,177,0,187,177,B
187,194,198,180,177,179,0,177,0,0,177,B
186,191,198,180,0,0,0,177,0,178.5,177,B
187,193,198,0,177,178,177,0,0,177,177,B
187,193,193,177,178,0,177,178,0,177,177,B
185,0,193,0,178,185,0,178,0,177,177,B
187,191,193,177,0,178,177,178,0,177,179,B
0,191,194,177,177,0,0,177,0,187,179,B
183,192,194,0,177,178,0,177,0,187,179,B
184,194,193,179,177,0,0,0,0,186,180,B
0,194,199,180,0,0,0,177,0,180,177,B
186,194,198,180,177,179,0,177,0,180,178,B
186,193,198,0,0,0,0,0,0,181,178,B
186,194,193,177,0,185,177,178,0,177,177,B
187,0,193,0,178,0,177,178,0,177,177,B
186,194,193,177,178,185,177,178,0,177,177,B
185,189,193,177,177,178,0,177,0,187,180,B
184,191,194,177,0,0,0,177,0,187,179,B
0,191,194,177,177,177,0,177,0,186.5,180,B
187,194,198,181,177,0,0,177,0,181,177,B
187,194,0,180,0,179,177,177,0,181,177,B
185,194,198,180,177,178,0,177,0,180,177,B
187,190,198,177,179,0,0,179,0,0,177,B
187,192,193,177,179,185,177,178,0,177,177,B
187,193,193,177,0,0,0,179,0,177,177,B
184,191,193,177,179,185,177,177,0,0,177,B
184,191,194,0,177,178,0,177,0,186.5,179,B
184,191,194,0,0,0,0,177,0,187,179,B
186,194,194,177,177,178,0,177,0,180,177,B
187,194,198,181,177,0,177,0,0,179,177,B
187,194,198,181,177,178,0,177,0,180,177,B
187,193,198,182,0,185,177,177,0,180,177,B
187,194,193,177,179,0,177,178,0,177,177,B
187,193,193,177,178,185,177,177,0,177,177,B
185,0,193,177,177,0,0,178,0,182,177,B
184,191,193,0,0,177,0,177,0,187,179,B
184,0,194,177,177,178,0,177,0,187,179,B
184,190,194,0,177,0,0,177,0,187,179,B
187,194,198,180,0,179,177,177,0,180,177,B
186,194,198,181,0,0,0,177,0,181,177,B
187,194,198,180,177,179,0,177,0,181,177,B
187,193,193,0,179,185,177,178,0,177,177,B
187,194,193,177,0,0,177,178,0,177,177,B
187,193,192,177,179,185,177,178,0,177,177,B
184,191,194,177,177,0,0,177,0,187,180,B
183,191,193,0,0,178,0,177,0,187,179,B
0,191,0,0,177,179,0,177,0,187,179,B
184,194,196,181,177,0,0,177,0,180,179,B
186,194,198,181,177,179,0,177,0,181,178,B
187,194,198,181,0,0,0,177,0,181,177,B
185,194,0,177,177,179,177,178,0,178.5,177,B
185,193,193,177,178,185,177,177,0,177,177,B
187,192,193,177,179,0,177,178,0,177,177,B
187,191,193,177,0,186,177,177,0,186,177,B
184,191,194,177,177,0,0,0,0,186,179,B
184,190,194,0,177,178,0,177,0,185,180,B
184,194,194,177,0,177,0,177,0,187,177,B
185,192,198,179,177,0,0,177,0,181,177,B
186,0,198,180,180,178,177,177,0,181,0,B
189,193,199,178,177,0,0,177,0,177,177,B
184,193,193,177,0,185,177,178,0,177,177,B
184,192,191,177,181,185,0,177,0,181,177,B
185,192,194,177,0,0,177,178,0,177,177,B
184,190,194,177,0,178,0,177,0,188,179,B
185,191,194,177,177,177,0,0,0,185,180,B
184,190,194,177,177,0,0,177,0,187,180,B
185,194,0,180,177,178,0,177,0,178.5,0,B
187,194,198,180,0,0,0,177,0,181,177,B
186,194,198,180,177,179,0,177,0,180,177,B
187,190,193,0,179,185,177,178,0,177,177,B
188,192,0,177,179,0,177,179,0,177,177,B
186,192,192,177,0,185,177,178,0,177,177,B
184,190,194,177,0,0,0,177,0,187,180,B
185,190,194,177,177,178,0,177,0,188,179,B
184,190,194,0,0,178,0,177,0,187.5,179,B
186,194,198,180,177,0,0,177,0,179,179,B
186,194,198,180,177,178,0,177,0,180,177,B
185,194,198,180,177,0,0,177,0,180,177,B
187,189,193,177,0,179,177,178,0,180,177,B
186,0,0,177,179,186,177,179,0,0,177,B
187,192,0,177,179,0,177,0,0,177,177,B
187,194,193,177,0,177,177,177,0,177,178,B
185,191,194,177,177,0,0,177,0,187,180,B
183,190,194,177,177,177,0,177,0,187,179,B
184,191,194,0,177,177,0,177,0,185,177,B
187,194,198,181,0,0,0,177,0,181,177,B
187,194,198,180,0,177,0,177,0,180,177,B
187,191,198,181,177,0,0,177,0,179,177,B
187,193,193,0,178,185,177,178,0,0,177,B
186,193,193,177,0,185,177,179,0,177,177,B
187,193,193,177,178,0,177,0,0,177,177,B
184,191,194,177,0,177,0,177,0,0,180,B
185,190,194,177,0,0,0,177,0,187.5,179,B
185,191,194,177,177,177,0,177,0,188,179,B
187,194,198,180,177,177,0,177,0,182,177,B
187,194,198,180,177,0,0,177,0,182,178,B
186,194,199,180,0,178,0,177,0,181,177,B
187,192,193,177,0,0,0,177,0,182,177,B
187,192,193,0,178,185,177,178,0,177,177,B
187,194,193,177,0,186,177,178,0,177,177,B
184,190,193,177,0,0,177,177,0,187,177,B
184,0,193,177,177,178,0,177,0,187,179,B
184,191,194,177,177,0,0,0,0,187,179,B
0,190,0,177,0,177,0,0,0,187,180,B
187,194,198,180,0,0,0,177,0,182,177,B
186,191,198,179,177,178,0,177,0,182,177,B
186,194,193,180,177,185,177,0,0,182,179,B
187,192,193,177,0,0,177,177,0,0,177,B
0,190,0,177,177,185,177,178,0,0,177,B
187,190,193,0,179,177,0,178,0,177,178,B
185,190,194,177,0,0,0,177,0,187,179,B
184,190,194,177,0,178,0,0,0,186,180,B
185,191,194,0,177,0,0,177,0,186,179,B
187,194,198,181,177,177,0,0,0,182,177,B
185,194,198,182,0,177,0,177,0,181,177,B
186,194,198,180,177,0,0,177,0,180,177,B
187,194,193,177,179,185,177,178,0,0,177,B
187,194,193,177,177,0,177,178,0,0,177,B
187,192,193,177,0,184,177,177,0,0,177,B
185,191,194,177,177,0,0,177,0,185,180,B
184,190,194,177,177,177,0,177,0,187,181,B
185,191,194,177,0,178,0,177,0,187,179,B
185,193,198,180,177,0,0,177,0,177,177,B
187,0,198,181,177,179,177,177,0,178,177,B
186,193,198,181,177,0,0,177,0,177,177,B
187,193,193,177,0,179,177,178,0,0,177,B
188,194,193,0,177,185,177,178,0,0,177,B
187,193,193,177,178,0,177,178,0,0,177,B
187,193,194,177,0,185,177,177,0,177,177,B
185,191,194,177,0,0,0,0,0,187,180,B
185,191,194,177,177,177,0,177,0,187,179,B
185,190,198,177,177,179,0,177,0,177,179,B
186,193,198,181,0,0,0,0,0,179,177,B
187,193,198,180,177,178,0,177,0,181,177,B
187,194,193,181,177,0,177,177,0,178,0,B
187,186,192,177,0,185,177,178,0,0,177,B
187,192,193,177,179,185,177,178,0,0,0,B
187,189,194,177,179,0,0,178,0,0,180,B
184,191,0,177,177,178,0,177,0,187.5,180,B
184,190,194,177,0,0,0,177,0,187,179,B
184,190,194,0,177,178,0,177,0,187,180,B
186,194,198,177,177,179,177,177,0,177,177,B
187,194,198,180,177,0,0,177,0,177,177,B
187,194,198,181,0,179,0,177,0,177,177,B
188,193,193,177,179,0,177,177,0,0,177,B
0,0,193,177,178,185,177,178,0,0,177,B
188,193,193,177,0,185,177,177,0,0,177,B
185,192,193,177,179,0,0,177,0,187,178,B
184,191,194,177,177,178,0,177,0,187,179,B
185,190,194,177,177,0,0,0,0,188,179,B
187,191,194,180,0,177,177,177,0,178,178,B
187,194,198,181,177,179,0,177,0,178,177,B
187,194,198,181,177,0,177,177,0,177,177,B
187,194,198,177,0,179,177,178,0,177,177,B
187,194,192,177,180,0,177,177,0,0,0,B
187,192,193,0,178,185,177,178,0,0,177,B
184,193,193,177,177,178,177,177,0,0,177,B
184,191,194,177,0,0,0,0,0,187,179,B
184,192,193,177,177,177,0,177,0,187,180,B
186,191,194,177,177,0,0,0,0,187,179,B
186,194,198,180,0,177,0,177,0,180,177,B
187,194,198,180,177,178,0,177,0,178.5,177.5,B
187,194,198,181,177,0,0,177,0,177,0,B
187,192,193,177,178,185,177,178,0,177,177,B
187,192,193,177,0,0,177,178,0,0,177,B
187,194,193,177,178,185,177,179,0,0,177,B
184,190,193,177,177,177,0,177,0,187,179,B
184,0,194,177,0,0,0,177,0,188,179,B
183,192,0,177,177,178,0,177,0,187,178,B
185,191,194,0,177,0,0,177,0,184.5,177,B
186,194,199,180,0,177,0,177,0,181,177,B
185,193,198,180,0,178,0,177,0,179,177,B
0,193,198,179,0,0,0,0,0,0,0,B
187,193,193,177,179,185,177,178,0,0,177,B
187,194,193,0,179,0,177,179,0,0,177,B
187,0,193,177,0,185,177,177,0,0,178,B
184,191,194,177,177,177,0,177,0,188,178,B
184,191,194,177,0,0,0,177,0,187,179,B
184,191,194,180,0,178,0,177,0,182,179,B
187,193,198,180,177,0,0,177,0,182,177,B
187,194,198,180,177,179,0,177,0,181,177,B
187,193,198,177,179,185,177,179,0,182,177,B
186,192,193,177,0,0,177,0,0,177,177,B
187,193,193,0,180,185,177,179,0,177,177,B
187,192,193,177,179,0,0,177,0,177,177,B
184,191,194,0,0,178,0,0,0,187,178,B
184,192,194,177,177,177,0,0,0,187,180,B
0,194,194,177,177,0,0,177,0,187,177.5,B
187,194,198,180,177,179,0,0,0,182,177,B
186,0,198,180,0,0,0,177,0,182,177,B
186,193,198,180,177,178,0,177,0,183,177,B
186,193,193,177,179,185,177,179,0,177,177,B
0,193,193,177,0,0,177,178,0,177,177,B
187,194,193,177,179,185,177,178,0,177,177,B
184,192,194,0,0,0,0,177,0,187,180,B
184,191,194,0,177,178,0,177,0,185,179,B
185,192,194,177,0,180,0,177,0,187,179,B
185,193,198,0,177,0,0,177,0,181,177,B
186,194,198,179,177,179,0,177,0,182,177,B
185,194,0,180,0,0,0,177,0,181,177,B
187,192,198,180,177,178,177,179,0,179.5,177,B
187,193,193,177,179,183,177,177,0,177,177,B
187,194,193,177,178,0,177,179,0,177,177,B
187,192,193,177,0,185,177,0,0,188,177,B
185,192,193,177,177,0,0,177,0,187,181,B
184,190,193,177,177,178,0,0,0,187,180,B
184,191,194,180,0,179,0,177,0,188,179,B
185,193,198,180,177,0,0,0,0,179,177,B
185,194,198,180,177,178,0,0,0,180,177,B
185,192,198,177,179,0,0,177,0,0,177,B
187,192,193,177,0,185,177,178,0,177,177,B
187,0,193,0,178,185,177,179,0,177,177,B
188,192,193,177,178,0,177,178,0,177,177,B
184,192,193,177,0,177,0,177,0,187,178.5,B
185,192,194,177,177,0,0,177,0,188,179,B
184,192,194,177,177,178,0,177,0,187,179,B
186,194,198,180,177,179,0,177,0,179,177,B
186,194,198,181,0,0,177,177,0,181,177,B
185,194,198,181,177,179,0,177,0,181,177,B
187,190,193,177,179,0,177,178,0,177,177,B
187,190,193,177,178,185,177,178,0,177,177,B
187,192,193,177,0,185,177,178,0,177,177,B
184,191,193,177,177,0,0,177,0,187,179,B
185,191,193,0,177,178,177,177,0,187,179,B
184,191,194,177,0,0,0,177,0,187.5,179,B
186,194,198,0,177,177,0,177,0,182,177,B
185,194,198,180,177,179,0,177,0,181,177,B
187,194,198,181,177,0,0,177,0,181,177,B
187,192,193,180,0,179,177,178,0,182,177,B
187,192,193,177,179,0,177,178,0,177,177,B
187,193,0,177,179,185,177,178,0,177,177,B
185,192,193,177,0,179,177,177,0,177,177,B
184,0,194,177,177,0,0,177,0,187.5,180,B
0,0,193,177,177,177,0,177,0,187,179,B
185,191,193,177,177,0,0,0,0,187,181,B
185,194,198,180,0,180,0,177,0,182,177,B
185,193,198,180,177,180,0,177,0,180,0,B
187,191,198,180,177,0,0,177,0,180,177,B
0,193,193,177,0,185,177,178,0,177,177,B
187,193,194,0,178,0,177,178,0,0,177,B
188,194,194,177,179,185,177,178,0,177,177,B
185,191,194,177,177,178,0,177,0,188,179,B
184,192,194,177,0,0,0,177,0,188,180,B
185,191,194,177,177,178,0,177,0,187,179,B
185,194,198,181,177,0,0,177,0,179,177,B
186,194,199,181,0,179,0,177,0,180,177,B
186,191,198,181,177,177,177,177,0,180,177,B
186,193,193,177,179,0,0,178,0,180,177,B
187,193,193,177,179,185,177,178,0,177,177,B
187,189,193,177,0,0,177,178,0,177,177,B
187,192,194,177,179,185,177,0,0,188,179,B
185,191,193,177,177,177,0,177,0,188,179,B
185,191,194,177,0,0,0,177,0,188,178,B
185,0,0,0,0,179,0,0,0,188,179,B
187,193.5,198.5,181,177,0,0,177,0,181,177,B
186,0,199,182,177,180,0,177,0,179.5,177,B
0,191,0,181,0,0,0,0,0,0,0,B
179,192,193,177,178,185,177,178.5,0,178,177,B
187,191,191,177,177,185,177,178,0,177,177,B
187,193,193,177,0,0,0,0,0,177,0,B
185,192,193,177,177,178,0,0,0,188,178,B
184,192,0,177,177,178,0,0,0,187,178,B
185,191,194,177,177,0,0,177,0,187,178,B
186,194,198,181,0,180,0,177,0,181,0,B
186,0,198,181,177,0,0,177,0,180,177,B
188,194,200,181,0,178,0,177,0,180,177,B
186,192,193,0,0,185,177,180,0,177,177,B
188,192,193,177,178,0,177,178,0,177,177,B
185,190,192,177,180,185,0,179,0,177,177,B
184,191,194,177,177,0,177,177,0,187,179,B
184,191,194,177,0,179,0,177,0,187,179,B
184,191,193,177,0,178,0,0,0,186,181,B
186,194,198,181,177,0,0,177,0,180,177,B
187,194,198,181,177,178,0,177,0,182,177,B
187,191,198,181,0,0,0,177,0,180,177,B
187,193,193,177,177,177,177,178,0,177,177,B
187,193,193,177,179,185,177,179,0,177,177,B
187,193,193,177,0,0,177,178,0,177,177,B
183,0,193,177,179,178,177,177,0,177,177,B
185,191,194,177,177,0,0,177,0,186.5,179,B
185,191,193,0,177,178,0,177,0,187,179,B
0,192,194,177,0,0,0,177,0,179,179,B
185,0,198,180,177,178,0,177,0,180,177,B
186,194,198,179,177,178,0,177,0,179,177,B
187,194,198,180,0,0,0,178,0,180,177,B
187,193,193,177,178,185,177,0,0,177,177,B
187,193,193,177,179,0,177,178,0,177,177,B
187,0,193,177,177,185,177,179,0,177,177,B
184,191,194,177,0,177,0,177,0,187,178,B
184,191,194,177,177,0,0,177,0,187,179.5,B
184,191,0,177,177,178,0,0,0,187,179,B
186,191,198,180,0,0,0,177,0,179,177,B
185,194,0,180,177,178,0,177,0,179,177,B
186,194,198,181,178,178,0,177,0,179,177,B
187,193,198,0,179,0,0,178,0,179,177,B
187,0,193,177,0,185,177,177,0,0,177,B
186,192,193,177,179,0,177,178,0,177,177,B
185,191,192,177,177,185,177,177,0,187,179,B
185,191,194,177,0,177,0,177,177,187,179,B
184,192,194,177,177,0,0,177,0,187,179,B
187,0,193,181,178,177,0,177,0,187,177,B
186,194,198,181,177,0,0,177,0,0,177,B
187,191,199,181,0,178,0,177,0,180,177,B
187,194,198,177,177,185,177,179,0,181,177,B
0,193,193,177,179,0,177,178,0,0,177,B
187,193,193,177,0,185,177,178,0,0,177,B
186,193,193,177,179,0,0,0,0,177,177,B
184,191,194,177,177,177,0,177,0,187,180,B
185,191,193,0,177,177,0,177,0,186,179,B
185,191,194,177,0,0,0,177,0,187,180,B
186,194,198,180,177,179,0,0,0,179.5,177,B
187,194,198,180,177,0,0,177,0,180,177,B
187,194,199,181,0,179,0,177,0,181,177,B
187,193,193,177,178,185,177,178,0,0,177,B
186,193,193,177,178,0,177,178,0,177,177,B
187,194,192,177,178,185,177,178,0,177,177,B
184,191,194,177,0,0,0,177,0,187,180,B
184,191,194,177,177,178,0,0,0,188,178,B
185,191,194,177,177,177,0,177,0,187.5,179,B
187,194,198,180,0,0,177,177,0,179,177,B
187,191,198,181,177,179,0,177,0,181,177,B
187,191,198,0,177,0,0,177,0,181,177,B
187,0,193,180,178,179,177,178,0,177,177,B
186,193,0,177,0,185,177,177,0,177,177,B
187,194,193,177,179,0,177,179,0,177,177,B
187,194,192,177,177,177,0,177,0,177,179,B
185,189,194,0,0,0,0,177,0,187,179,B
184,191,193,177,177,0,0,177,0,187,179,B
185,191,194,177,177,180,0,177,0,182,178,B
187,194,200,181,177,0,177,177,0,180,177,B
187,193,198,181,0,178,0,177,0,182,177,B
187,191,198,177,177,0,0,179,0,181,177,B
187,193,192,177,178,185,177,178,0,177,177,B
186,193,193,177,0,185,177,177,0,177,0,B
185,193,192,0,178,0,177,177,0,181,177,B
185,191,194,0,177,177,0,177,0,187,180,B
185,191,194,177,177,0,0,177,0,186,179,B
185,191,194,177,0,0,0,0,0,187,180,B
187,194,199,180,177,178,0,177,0,181,177,B
187,194,198,180,177,0,0,177,0,182,177,B
187,194,198,181,0,179,0,0,0,182,177,B
186,193,193,177,178,0,177,0,0,177,177,B
186,193,193,177,178,185,177,178,0,177,177,B
186,0,193,177,178,185,177,179,0,177,177,B
185,194,194,177,0,0,177,177,0,187,179,B
184,190,194,0,177,178,0,177,0,187,179,B
185,191,194,177,177,0,0,177,0,187,180,B
187,191,198,181,0,178,0,0,0,181,177,B
185,194,198,0,177,178,0,177,0,180,177,B
186,194,198,179,177,0,0,177,0,181,177,B
187,194,193,0,177,186,177,178,0,177,177,B
187,193,193,177,0,0,177,178,0,177,0,B
187,193,193,177,178,185,177,179,0,0,177,B
183,193,193,177,177,0,0,177,0,177,177,B
184,191,0,0,0,179,0,177,0,188,178,B
185,192,194,177,177,178,0,177,0,185,180,B
185,191,194,0,177,0,0,177,0,185,179,B
187,194,198,180,177,178,0,177,0,182.5,177,B
186,194,200,181,0,0,0,177,0,183,177,B
187,194,199,177,177,178,0,178,0,183,177,B
187,194,193,177,179,185,177,177,0,177,177,B
186,192,193,0,0,0,0,179,0,177,177,B
187,192,193,177,178,185,177,0,0,177,177,B
184,191,194,0,0,0,0,177,0,186,180,B
185,0,194,177,177,177,0,177,0,185,179,B
184,191,194,177,0,180,0,177,0,187,179,B
186,190,198,179,177,0,0,177,0,180,177,B
187,191,198,179,177,178,0,177,0,180,177,B
185,194,198,180,0,0,0,177,0,181,177,B
187,191,193,177,0,179,177,178,0,177,177,B
186,193,193,177,178,185,177,178,0,177,177,B
0,194,193,0,178,0,177,178,0,177,0,B
187,192,194,177,0,178,0,177,0,177,180,B
185,191,194,177,177,0,0,177,0,188,180,B
184,189,194,177,177,177,0,177,0,187,179,B
184,193,198,0,0,179,0,177,0,179,177,B
186,194,198,179,177,0,0,177,0,179,177,B
185,194,198,181,177,0,0,177,0,0,177,B
186,193,193,179,177,0,0,178,0,181,177,B
186,193,193,177,0,185,177,180,0,0,177,B
187,194,193,177,178,185,177,178,0,177,177,B
186,191,194,177,0,0,177,177,0,182,177,B
185,190,194,177,0,178,0,177,0,187,179,B
183,191,193,0,177,0,0,177,0,187,179,B
184,194,198,177,177,179,0,177,0,187,179,B
187,193,198,180,0,178,0,177,0,180,177,B
187,0,0,181,177,0,0,177,0,182,177,B
187,193,198,180,177,180,0,178,0,180,177,B
186,190,193,177,178,0,177,0,0,177,177,B
187,192,193,0,0,185,177,177,0,177,177,B
186,190,193,177,178,185,177,177,0,177,177,B
185,191,194,177,177,0,0,177,0,187,179,B
185,191,194,177,0,177,0,177,0,186,180,B
184,191,194,177,177,0,0,177,0,186,180,B
187,194,198,181,177,178,0,177,0,181,177,B
187,194,198,181,177,178,0,0,0,181,177,B
186,194,198,181,0,0,0,177,0,181,177,B
187,193,193,177,177,185,177,177,0,177,177,B
187,192,193,177,179,0,177,177,0,177,177,B
187,194,193,177,0,185,177,177,0,177,177,B
187,189,194,177,178,178,0,177,0,186,180,B
184,191,194,177,177,0,0,177,0,186,179,B
185,191,194,0,177,178,0,177,0,187,179,B
184,194,194,177,0,0,0,177,0,187,177,B
187,194,198,181,177,178,0,177,0,181,177,B
187,193,198,182,177,177,0,0,0,181,177,B
187,190,198,180,0,0,0,177,0,0,0,B
186,189,193,177,179,185,177,177,0,177,177,B
187,0,193,177,178,0,177,178,0,177,177,B
187,193,193,177,177,185,177,177,0,177,177,B
185,191,194,177,0,179,0,0,0,186,179,B
184,191,194,177,177,0,177,177,0,187,180,B
185,190,194,177,177,178,0,0,0,186.5,179,B
187,194,198,181,0,0,0,0,0,181,177,B
187,194,198,181,177,179,0,177,0,180,177,B
187,194,198,181,177,0,0,177,0,181,177,B
187,194,193,0,178,179,177,178,0,177,177,B
186,193,193,177,0,185,177,178,0,177,177,B
187,193,0,177,0,0,177,178,0,0,177,B
185,191,192,177,177,178,0,177,0,0,178,B
185,191,193,177,0,0,177,177,0,186,180,B
184,191,0,177,0,178,0,177,0,186,180,B
186,194,194,180,177,178,0,177,0,182,0,B
185,193,198,178,177,0,0,177,0,181,177,B
186,194,198,180,0,178,0,177,0,182,177,B
187,192,198,177,177,0,0,179,0,182,177,B
187,194,193,177,177,0,177,178,0,177,177,B
187,192,193,0,0,185,177,179,0,177,177,B
179,0,193,0,177,0,177,0,0,0,177,B
177,189,193,177,0,179,0,177,0,186,177,B
177,185,193,0,177,0,0,177,0,190,178,B
181,183,192,177,0,180,0,0,0,189,178,B
0,0,0,179,0,0,179,0,0,0,0,C
0,0,177,0,179,179,181,179,0,177,191,C
0,177,177,0,0,0,0,177,0,185.5,193,C
177,178,178,189,187,186,0,177,0,190,194,C
177,181,178,190,192,185,0,177,0,190,193,C
177,182,180,190,0,0,177,0,0,189,193,C
0,0,180,177,185,177,0,178,0,189,193,C
177,177,178,177,185,0,177,177,0,189,193,C
177,0,177,177,185,177,177,177,0,0,193,C
177,177,177,180,0,181,179,177,0,182,191,C
177,177,177,180,185,0,179,177,0,181,192,C
177,177,179,180,191,180,179,177,0,191,192,C
0,182,178,190,0,0,0,0,0,190,193,C
0,182,178,190,191,185,0,0,0,190,193,C
177,181,178,178,191,0,0,0,0,190,193,C
0,0,179,0,185,177,177,177,0,189,193,C
0,0,179,177,0,177,177,177,0,189,192.5,C
0,0,179,177,185,0,177,177,0,188,192,C
177,177,177,180,185,181,180,177,0,182,191,C
177,177,177,181,0,0,180,177,0,180,192,C
177,177,0,180,185,181,179,0,0,180,191,C
177,0,177,190,191,186,0,177,0,191,193,C
177,182,178,190,0,0,0,0,0,190,193,C
177,182,178,190,191,185,0,0,0,190,193,C
177,181,177,177,185,0,0,0,0,189,193,C
0,0,179,177,185,177,0,177,0,188.5,193,C
177,0,180,177,0,177,177,177,0,188,193,C
0,0,180,181,0,0,177,0,0,181,191,C
177,177,177,179,185,181,179,177,0,183,191,C
177,177,177,0,0,0,179,177,0,183,191,C
177,177,177,180,185,180,179,177,0,181,192,C
177,182,177,190,191,185,0,0,0,191,193,C
177,183,178,190,191,0,0,0,0,190,194,C
177,0,179,190,0,186,177,0,0,189.5,193,C
0,0,181,0,185,0,177,0,0,188,193,C
0,0,180,177,185,177,177,177,0,189,193,C
177,177,179,177,0,181,179,177,0,188,192,C
177,177,177,180,185,0,179,177,0,181,192,C
177,177,177,179,185,181,179,177,0,182,192,C
177,183,177,181,192,0,0,177,0,180,192.5,C
177,181,178,189,0,185,0,0,0,191,193,C
177,182,178,190,191,185,0,0,0,191,193,C
177,0,178,0,191,0,0,0,0,191,194,C
0,0,179,177,0,177,177,177,0,189,193,C
177,0,181,177,185,0,177,177,0,188,193,C
177,0,181,177,185,177,177,177,0,188,193,C
177,177,177,180,185,181,179,0,0,181,191,C
177,177,177,180,0,0,179,177,0,180,192,C
177,177,177,180,185,182,180,177,0,181,191,C
177,182,178,190,192,0,0,177,0,190,193,C
177,182,178,190,0,185,0,0,0,190,193,C
177,182,178,190,192,186,0,0,0,190,193,C
0,0,180,177,185,0,177,0,0,188,192,C
0,0,180,177,0,177,177,177,0,188,192,C
0,0,0,177,185,0,0,177,0,188,193,C
177,177,180,181,185,177,179,177,0,188,193,C
177,177,177,0,185,0,179,177,0,181,191,C
177,177,177,180,0,181,179,177,0,181,191,C
177,182,177,180,185,185,179,177,0,190,191,C
177,182,179,190,191,0,0,0,0,190,193,C
177,181,178,190,0,185,0,0,0,190,194,C
177,0,178,0,191,0,0,0,0,0,193,C
0,0,180,177,185,177,0,177,0,188,193,C
177,0,179,178,183,177,177,177,0,188,193,C
177,0,180,177,0,0,177,177,0,184,191,C
177,177,177,181,185,181,179,177,0,179,191,C
177,0,177,180,0,0,180,177,0,181,192,C
177,177,177,180,0,180,179,178,0,180,191,C
177,182,178,190,191,185,0,0,0,190,193,C
177,182,178,0,191,0,0,0,0,190,193,C
0,182,178,190,191,185,0,0,0,190,193,C
0,0,179,177,0,0,177,0,0,189,192,C
177,0,179,177,185,177,177,177,0,189,193,C
177,0,181,177,185,177,177,177,0,189,192,C
177,177,177,179,0,0,177,177,0,181,191,C
177,177,177,180,185,181,179,178,0,181,191,C
177,177,177,180,185,0,180,177,0,181,192,C
177,182,178,190,191,182,179,177,0,181,193,C
177,182,178,190,0,185,0,0,0,190,193,C
177,181,177,190,191,0,0,0,0,190,193,C
177,0,180,177,185,177,0,0,0,188,193,C
177,0,180,177,0,0,177,177,0,188,193,C
177,0,178,0,185,177,177,177,0,188,193,C
177,0,177,177,185,180,179,177,0,189,193,C
0,177,177,179,0,0,179,177,0,181,192,C
177,0,177,179,185,181,179,177,0,182,191,C
0,177,177,180,184,0,0,177,0,181,191,C
177,182,0,190,191,185,0,0,0,190.5,193,C
177,182,0,190,0,0,0,0,0,191,193,C
0,181,179,189,0,186,0,0,0,190,193,C
0,0,180,177,185,177,177,177,0,187,193,C
177,0,180,177,0,0,177,177,0,187,193,C
0,0,180,0,185,177,177,177,0,188,193,C
177,177,177,180,184,0,180,177,0,182,191,C
177,177,177,178,183,180,180,177,0,179.5,191,C
177,177,0,0,0,181,179,177,0,181,192,C
177,180,179,179,191,0,0,0,0,191,193,C
177,182,179,190,191,186,0,0,0,191,193,C
177,182,178,189,0,0,0,0,0,191,193,C
177,0,180,177,191,185,177,0,0,188,193,C
177,0,179,177,185,177,177,0,0,188,193,C
0,0,180,177,185,0,177,177,0,188,193,C
177,177,177,179,0,181,178,177,0,184,191,C
177,177,177,178,185,0,179,177,177,182,191,C
177,0,177,179,185,180,179,178,0,180,192,C
177,177,178,190,0,185,0,177,0,191,192,C
177,181,178,190,191,0,0,0,0,191,193,C
0,182,178,190,191,185,0,0,0,191,194,C
177,181,180,0,0,0,0,0,0,190,193,C
177,0,178,177,185,177,0,177,0,188,193,C
177,0,179,177,183,177,177,177,0,187.5,192,C
177,0,181,177,185,0,177,177,0,182,192,C
177,177,177,179,0,181,178,177,0,181,191,C
177,177,177,179,185,0,179,177,0,182,192,C
177,177,0,178,185,182,179,177,0,181,193,C
177,182,178,189,0,185,0,0,0,190,193,C
0,181,178,190,191,0,0,0,0,191,193,C
177,182,177,189,191,185,0,0,0,189.5,193,C
177,0,180,177,185,0,177,177,0,187,193,C
0,0,178,177,0,177,177,177,0,188,193,C
0,0,178,184,181,0,0,180,0,185,193,C
0,177,177,0,177,177,177,177,0,181,191,C
177,177,0,179,0,179,179,177,0,180,191,C
177,0,177,178,184,0,180,0,0,180,191,C
177,177,177,179,191,186,179,177,0,180,193,C
177,183,179,190,190,0,0,0,0,190.5,194,C
0,183,177,190,0,185,0,0,0,190,193,C
0,183,178,177,185,177,0,0,0,187,192,C
177,0,179,177,185,0,177,178,0,187,193,C
177,0,179,177,0,177,177,178,0,187,193,C
177,0,179,180,185,0,177,177,0,188,193,C
177,177,177,179,185,180,177,0,0,181,192,C
177,177,177,179,0,181,179,177,0,182,191,C
177,177,177,190,184,0,179,177,0,190,192,C
177,182,177,0,191,185,0,0,0,190,193,C
177,182,178,189,190,0,0,0,0,191,193,C
177,182,179,190,0,185,177,0,0,191,193,C
177,0,179,177,185,177,177,177,0,188,193,C
177,0,179,177,185,0,177,177,0,187,193,C
177,177,179,177,0,177,179,177,0,188,191,C
177,177,177,180,0,0,178,177,0,181.5,192,C
177,177,177,179,185,181,179,177,0,181,191,C
177,182,177,179,191,0,179,177,0,181,191,C
177,0,178,190,0,185,0,0,0,190,193,C
177,182,178,190,191,185,0,0,0,190,193,C
0,182,178,190,191,0,0,0,0,190,193,C
0,0,179,177,0,177,177,177,0,189,193,C
0,177,179,0,185,0,177,177,0,190,193,C
177,0,178,0,185,177,177,177,0,189,193,C
0,177,177,177,0,181,179,0,0,183,192,C
177,177,177,179,185,0,179,177,0,183,191,C
177,177,177,179,185,181,178,177,0,181,191,C
177,183,178,190,191,0,0,177,0,190,193,C
177,182,179,189,0,185,0,0,0,190,0,C
177,182,178,190,191,185,0,0,0,190,193,C
177,0,180,177,185,0,177,0,0,189,193,C
0,0,178,177,0,177,177,177,0,187,192,C
177,177,0,177,185,0,177,177,0,189,193,C
177,177,179,179,185,177,177,177,0,181,193,C
177,177,177,179,185,182,179,177,0,182,191,C
177,177,177,0,0,0,179,177,0,181,191.5,C
177,182,177,179,185,182,179,177,0,183,193,C
177,0,179,189,191,0,0,0,0,190,193,C
177,182,181,189,0,185,0,0,0,190,193,C
0,182,179,190,192,177,0,0,0,190,193,C
177,177,180,177,185,0,177,0,0,189,193,C
0,0,179,0,185,177,177,177,0,188,192,C
177,0,179,177,0,0,177,177,0,188,192,C
177,177,177,179,185,181,180,177,0,181,191,C
0,177,177,180,185,0,0,177,0,180,191,C
177,177,177,179,0,181,179,177,0,181,192,C
177,182,178,190,191,185,0,0,0,185.5,193,C
177,182,178,190,191,0,0,0,0,190,194,C
177,183,178,0,0,185,0,0,0,190,0,C
177,0,179,189,191,0,177,177,0,188,193,C
177,0,179,177,184,177,177,0,0,189,192,C
0,0,179,177,185,177,177,178,0,188,192,C
0,177,177,0,0,0,177,177,0,188,191,C
177,177,177,179,185,182,179,177,0,181,192,C
177,0,177,179,185,0,180,177,0,183,191,C
177,182,179,189,0,0,179,177,0,190,191,C
177,0,0,189,190,185,0,0,0,191,193,C
177,183,178,189,189,0,0,0,0,190,193,C
177,182,179,177,185,185,0,0,0,190,193,C
177,0,179,177,0,0,177,177,0,189,193,C
177,0,179,177,185,177,177,177,0,189,192.5,C
177,0,177,0,185,181,0,177,0,185,191,C
177,177,177,179,0,0,180,177,0,183,190,C
177,177,177,179,185,181,180,177,0,182,191,C
177,177,179,179,185,0,0,177,0,181,192,C
177,183,178,189,0,185,0,0,0,191,193,C
177,183,0,190,191,185,0,0,0,191,193,C
177,182,178,189,191,0,0,0,0,191,193,C
177,0,179,177,185,177,177,177,0,188,193,C
177,0,179,0,0,0,177,177,0,188.5,193,C
177,0,180,177,185,177,177,177,0,190,193,C
177,177,177,179,185,0,180,177,0,182,191,C
177,177,177,179,0,182,179,177,0,182,191,C
177,177,177,179,185,182,178,177,0,182,192,C
177,182,177,0,191,0,0,0,0,190,193,C
177,181,178,189,191,186,0,0,0,190,193,C
177,0,179,190,0,0,0,0,0,190.5,193,C
0,182,178,189,185,185,177,0,0,189,193,C
0,0,180,177,184,177,177,178,0,189,193,C
177,0,179,177,0,0,177,178,0,189,192,C
177,0,180,177,185,180,180,177,0,181,193,C
177,177,177,180,185,0,179,177,0,181,191,C
177,177,177,180,185,181,179,177,0,182,191,C
177,177,177,190,0,185,0,177,0,181,191,C
0,182,180,190,191,0,0,177,0,189.5,193,C
177,182,179,187,190,185,0,0,0,190,193,C
177,182,178,177,0,0,0,0,0,189,193,C
177,0,180,0,185,177,177,177,0,189,193,C
177,0,180,177,185,177,0,177,0,188,193,C
177,0,179,177,0,0,177,178,0,189,193,C
177,177,177,180,185,180,179,177,0,182,191,C
177,177,177,178,184,0,179,177,0,184,192,C
0,177,177,178,185,180,181,177,0,182,191,C
177,182,178,190,0,0,0,0,0,191,193,C
177,181,178,190,191,185,0,0,0,191,193,C
0,0,0,189,192,185,0,0,0,190,193,C
177,182,179,177,0,0,177,178,0,188,193,C
177,0,0,177,185,177,177,0,0,188,192,C
177,0,180,177,184,0,0,177,0,189,193,C
0,0,177,179,185,177,179,177,0,188,191,C
177,177,177,0,0,181,179,177,0,181,192,C
0,177,177,180,185,0,180,0,0,180,192,C
0,182,0,179,191,185,180,177,0,188,191,C
177,182,178,190,0,0,0,0,0,191,193,C
0,183,178,190,191,185,0,0,0,190,193,C
177,0,178,189,185,177,0,0,0,190,193,C
177,0,180,177,0,0,177,177,0,190,193,C
0,0,179,177,185,177,177,177,0,188,193,C
0,177,178,179,185,0,177,177,0,182,193,C
177,177,177,180,185,181,179,177,0,183,192,C
177,0,177,0,0,181,179,177,0,181,191.5,C
177,182,177,190,185,0,180,0,0,181,193,C
177,181,179,190,191,185,0,0,0,190,193,C
177,182,178,0,0,0,0,0,0,190,193,C
177,0,179,190,191,185,0,0,0,190,193,C
177,0,179,177,185,177,177,177,0,188,193,C
177,0,180,177,185,0,177,177,0,189,193,C
177,0,179,177,0,177,177,177,0,189,193,C
177,177,177,179,184,0,179,177,0,182,191,C
177,177,177,179,185,180,0,177,0,181,191,C
0,177,177,179,0,0,179.5,177,0,182,191,C
177,182,179,190,190,181,0,0,0,191,193,C
0,182,179,189,191,185,0,0,0,190,193,C
177,181,179,190,191,0,0,0,0,190,193,C
0,0,179,177,0,177,177,177,0,189,193,C
177,0,180,177,185,0,0,177,0,190,192,C
0,0,180,0,185,177,177,0,0,189,193,C
177,177,177,0,0,182,179,177,0,181,192,C
177,177,177,178,185,0,179,177,177,181,191,C
177,177,177,179,185,180,180,177,0,181,191,C
177,181,178,179,0,0,0,177,0,185.5,192,C
177,181,178,189,191,185,0,0,0,190,193,C
177,181,179,189,191,185,0,0,0,190,193,C
177,0,180,189,185,0,177,0,0,189,193,C
0,0,179,177,0,177,177,177,0,189,192.5,C
177,0,179,177,185,0,177,177,0,189,193,C
0,0,177,178,0,177,177,177,0,189,192,C
177,177,177,179,0,181,179,177,0,181,191,C
177,0,0,0,185,0,179,177,0,181.5,191,C
177,177,177,178,185,180,179,177,0,181,192,C
177,180,178,189,191,0,0,0,0,190,193,C
177,182,179,189,0,185,0,0,0,190,193,C
177,182,177,190,191,177,0,0,0,190,193,C
0,0,180,177,0,0,177,177,0,189,193,C
177,0,179,177,185,177,177,177,0,189,193,C
177,0,179,177,185,0,177,177,0,188,192,C
177,177,177,178,185,181,181,177,0,181,191,C
177,177,177,178,0,0,178,177,0,181,192,C
177,177,177,179,185,181,179,177,0,181,191,C
177,0,179,189,191,185,0,0,0,190,193,C
177,182,178,189,191,0,0,0,0,190,193,C
0,182,0,0,0,185,0,0,0,190,193,C
177,0,179,190,191,0,177,0,0,190,193,C
177,0,0,177,185,177,177,177,0,189.5,193,C
177,0,179,177,0,177,177,177,0,189,193,C
177,0,180,177,185,0,177,177,0,182,193,C
177,177,177,179,185,180,180,177,0,182,191,C
177,177,177,180,185,0,179,177,0,182,191,C
177,177,177,180,0,181,179,0,0,0,192,C
177,182,179,190,191,185,0,0,0,189,193,C
177,182,179,190,191,0,0,0,0,190,193,C
177,182,179,177,0,185,0,0,0,190,193,C
0,0,179,177,185,0,177,177,0,190,193,C
0,0,178,177,185,177,177,177,0,189,193,C
177,0,179,0,185,182,177,177,0,0,193,C
177,177,177,179,0,0,179,177,0,181,191,C
177,177,177,179,185,180,179,177,0,181,191,C
177,0,177,179,185,0,178,177,0,181,192,C
177,182,178,190,0,185,0,0,0,190,193,C
0,182,179,189,191,0,0,0,0,190,193,C
177,182,180,190,191,185,0,0,0,191,193,C
0,0,180,177,0,177,0,177,0,189,193,C
177,0,178,177,184,0,177,177,0,189,193,C
177,0,179,177,185,177,177,177,0,189,193,C
177,0,0,179,185,0,177,177,0,180,191,C
0,177,177,179,0,181,179,177,0,180,191,C
177,0,177,179,185,181,0,177,0,181.5,191,C
177,177,177,0,191,0,180,0,0,190,191,C
177,182,179,189,0,185,0,0,0,191,193,C
177,182,179,190,191,0,0,0,0,191,193,C
177,182,179,189,185,185,177,0,0,191,193,C
177,0,178,177,185,177,177,177,0,189,193,C
177,0,180,177,0,0,177,177,0,189,192,C
177,0,178,177,185,177,179,177,0,189,192,C
0,177,177,179,185,0,180,177,0,181,192,C
177,177,177,178,0,180,179,177,0,182,191,C
177,182,177,179,185,185,0,177,0,181,193,C
177,181,177,190,191,0,0,0,0,191,193,C
177,182,178,0,0,183,0,0,0,190,193,C
177,0,178,183.5,191,0,0,0,0,190,193,C
177,0,179,0,185,177,177,177,0,189,192,C
0,0,178,0,185,177,177,177,0,189,193,C
177,0,179,177,0,0,177,177,0,189,193,C
177,177,177,179,185,180,178,177,0,182,192,C
177,177,177,180,185,0,179,177,0,181,0,C
177,177,177,179,0,181,179,177,0,182,191,C
177,182,178,190,191,0,0,0,0,190,193,C
177,183,178,188,191,185,0,0,0,190,193,C
177,181,0,189,191,185,0,0,0,190,193,C
177,0,180,177,0,0,177,177,0,189.5,192,C
177,0,179,177,185,177,177,177,0,189,193,C
0,0,179,177,185,0,0,177,0,189,193,C
177,0,177,0,0,177,179,177,0,181,193,C
177,177,177,179,185,180,179,0,0,181,191,C
177,177,177,179,184,0,179,177,0,181,191,C
177,181,179,179,0,182,179,177,0,181,191,C
177,182,179,189,191,0,0,0,0,190.5,193,C
177,182,178,190,191,185,0,0,0,190,193,C
177,0,178,190,185,177,0,0,0,189,193,C
177,0,180,177,0,0,177,177,0,189,193,C
177,0,179,177,185,177,177,177,0,189,192,C
177,0,0,177,185,0,177,177,0,189,191,C
177,177,177,178,0,180,179,177,0,182,191,C
177,177,177,180,185,181,180,177,0,182,191,C
177,177,177,190,185,0,178,177,0,186,192,C
177,181,178,0,191,185,0,0,0,190,193,C
177,181,177,190,0,0,0,0,0,191,193,C
177,182,179,189,191,185,0,0,0,190,193,C
177,0,179,177,185,177,177,177,0,189,193,C
177,0,180,177,0,0,177,177,0,189,193,C
177,0,179,177,185,177,177,177,0,190,192,C
177,177,177,180,185,0,178,177,0,185.5,191,C
177,177,177,180,185,181,179,177,0,181,191,C
177,177,177,180,0,0,179,177,0,0,191,C
177,182,178,190,190,183,179,0,0,191,193,C
177,182,178,189,191,185,0,0,0,190,193,C
177,181,177,190,0,0,0,0,0,190,193,C
177,0,180,177,192,177,0,177,0,190,193,C
0,0,179,0,184,0,177,177,0,189,193,C
177,0,179,177,0,177,177,0,0,189,193,C
0,0,177,177,185,181,177,177,0,182,193,C
177,177,177,179,185,0,179,177,0,182,192,C
177,177,177,180,184,180,179,177,0,182,191,C
177,177,177,179,0,0,181,177,0,182,193,C
177,180,178,190,191,185,0,0,0,190,193,C
0,182,179,189,191,185,0,0,0,190,193,C
177,182,178,190,0,0,177,0,0,190,193,C
177,0,178,177,185,177,177,177,0,189.5,193,C
0,0,180,177,185,0,0,177,0,189,193,C
177,0,179,0,0,177,179,177,0,189,193,C
177,177,177,179,185,182,179,177,0,182,189,C
177,177,0,0,0,0,0,177,0,182,191,C
177,177,177,179,185,181,179,177,0,181,192,C
177,181,178,190,0,0,0,0,0,191,193,C
0,181,177,190,190,185,0,0,0,190,193,C
0,181,179,190,190,185,0,0,0,190,193,C
177,0,179,177,0,0,177,177,0,189,193,C
177,0,178,177,184,177,177,177,0,189,193,C
0,0,0,177,185,0,177,177,0,189,193,C
177,0,179,179,185,180,179,177,0,182,192,C
177,177,177,180,0,0,181,177,0,181,191,C
177,177,177,178,185,182,178,177,0,181,192,C
177,177,177,189,190,185,0,0,0,186.5,192,C
0,182,178,0,0,0,0,177,0,185,194,C
0,182,179,181,191,184,177,0,0,191,192,C
0,180,177,185,183,0,0,180,0,189,194,C
0,0,179,181,183,0,177,177,0,189,193.5,C
177,0,178,177,0,178,177,177,0,187,192,C
177,0,178,177,183,0,177,177,0,189,191,C
177,177,177,180,185,180,179,177,0,181,191,C
177,177,177,181,0,0,179,177,0,183,191,C
177,177,177,180,185,180,178,177,0,181,193,C
177,180,177,190,191,185,0,0,0,190,194,C
177,180,177,190,0,0,0,0,0,190,193,C
177,181,178,190,189,185,0,0,0,190,193,C
177,0,179,177,185,0,177,0,0,190,193,C
177,0,179,0,184,177,177,177,0,189,193,C
0,0,179,0,0,177,177,177,0,188,193,C
177,0,177,181,185,0,179,177,0,184,191,C
0,177,177,180,0,0,179,177,0,0,191,C
177,177,177,179,185,182,179,177,0,183,191,C
177,182,178,190,185,185,0,0,0,190,193,C
177,180,178,190,191,0,0,0,0,190,193,C
177,182,177,190,191,185,0,0,0,190,193,C
177,0,180,177,0,177,177,177,0,189,193,C
177,0,0,177,184,0,177,177,0,189,193,C
177,0,180,177,184,177,177,177,0,189,193,C
177,177,177,179,0,0,177,177,0,181,193,C
177,177,177,180,185,180,179,177,177,181,191,C
177,177,177,0,185,181,179,177,0,182,191,C
0,182,177,180,191,0,179,0,0,182,191,C
0,181,178,190,0,184,0,0,0,191,193,C
177,182,177,190,191,0,0,0,0,190.5,193,C
0,0,180,190,185,185,0,0,0,190,193,C
177,0,180,177,0,177,177,177,0,189,194,C
0,0,0,177,185,0,0,0,0,189,193,C
177,177,179,177,184,177,177,177,0,189,191,C
177,0,177,179,0,0,179,177,0,181,191,C
177,177,177,180,185,180,178,177,0,183,191,C
177,177,177,180,185,183,179,177,0,186.5,191,C
177,182,178,0,191,0,0,0,0,191,193,C
177,182,177,190,0,185,0,0,0,191,193,C
177,182,178,0,191,0,0,177,0,190,193,C
177,0,180,177,184,177,177,177,0,189,193,C
0,0,180,177,0,0,177,177,0,189,194,C
177,0,179,177,184,177,177,177,0,188,193,C
177,177,177,179,185,181,180,177,0,183,191,C
177,177,177,181,185,0,179,177,0,183,191,C
177,177,177,180,0,180,179,177,0,183,191,C
177,181,178,189,192,0,0,177,0,190,193,C
177,181,178,190,191,185,0,0,0,190,193,C
177,181,178,190,0,185,0,0,0,191,193,C
177,0,178,177,191,0,177,177,0,191,193,C
177,0,180,177,185,177,177,177,0,187,193,C
0,0,180,177,0,0,177,177,0,189,193,C
177,177,177,0,185,177,178,177,0,186,193,C
177,0,177,179,185,181,179,0,0,182,191,C
177,177,177,181,185,0,178,177,0,181,191,C
177,177,177,179,0,181,0,177,0,182,193,C
177,181,177,189,191,0,0,0,0,190,193,C
177,182,177,190,191,185,0,0,0,191,193,C
177,182,177,190,0,177,0,177,0,190,193,C
177,0,180,177,185,0,177,177,0,189,193,C
177,0,181,177,184,177,177,177,0,189,193,C
177,0,180,177,185,0,177,177,0,189,193,C
177,177,177,179,0,181,179,177,0,183,191,C
177,177,177,180,185,180,179,0,0,182,191,C
177,177,177,0,185,0,179,177,0,183,191,C
177,183,177,190,0,184,0,0,0,190,193,C
177,182,177,189,191,0,0,0,0,191,193,C
177,183,177,190,191,185,0,0,0,190,193,C
0,0,180,177,0,0,177,177,0,190,193,C
177,0,180,177,184,177,177,177,0,190,193,C
0,0,0,177,184,177,177,177,0,189,193,C
177,177,180,179,185,0,180,177,0,182,191,C
177,0,177,180,0,182,179,177,0,182,192,C
177,177,177,180,185,0,179,177,0,182,191,C
177,177,177,190,191,181,0,0,0,187,191,C
177,182,178,190,0,185,0,0,0,191,193,C
177,182,178,190,190,0,0,0,0,191,194,C
177,182,177,0,184,177,0,177,0,188,193,C
177,0,180,177,185,0,177,0,0,189,193,C
0,0,180,177,0,177,177,0,0,189,193,C
177,0,180,177,185,181,177,177,0,189,191,C
177,177,177,0,185,0,0,177,0,183,191,C
177,177,177,180,0,182,179,177,0,181,191,C
177,177,177,180,185,0,179,177,0,191,193,C
0,182,178,190,191,185,0,177,0,191,193,C
177,182,178,189,0,185,0,0,0,191,193,C
177,182,178,190,191,0,0,0,0,191,193,C
177,0,179,177,185,177,177,177,0,190,193,C
177,0,179,177,184,0,0,177,0,189,193,C
177,0,181,177,0,177,177,177,0,189,193,C
177,177,177,0,185,0,179,177,0,180,191,C
177,0,177,180,185,182,0,177,0,181,191,C
177,177,177,181,0,181,178,177,0,181,191,C
177,177,177,190,190,0,180,0,0,191,193,C
177,182,177,189,191,185,0,0,0,190,194,C
0,182,177,190,190,0,0,0,0,191,193,C
177,182,180,177,0,185,0,177,0,190,193,C
177,0,181,177,185,177,177,177,0,188.5,193,C
177,0,180,177,185,0,177,177,0,189,193,C
177,177,177,181,0,180,179,177,0,183,193,C
177,177,177,180,185,0,178,177,0,183,191,C
0,177,177,180,185,181,181,177,0,181,191,C
177,181,177,0,0,185,0,0,0,181,191,C
0,182,177,190,191,0,0,0,0,191,193.5,C
0,182,177,190,191,185,0,0,0,191,193,C
177,0,181,190,184,0,177,0,0,189,193,C
177,0,180,177,0,177,177,177,0,189,193,C
177,0,0,177,184,177,177,177,0,189,193,C
177,177,0,177,185,0,179,177,0,190,191,C
0,177,177,180,0,181,0,177,0,183,191,C
177,0,177,180,185,0,178,177,0,183,191,C
177,177,177,180,185,180,179,177,0,183,192,C
177,182,178,190,191,0,0,0,0,190.5,193,C
0,183,177,190,0,185,0,177,0,191,193,C
177,182,179,189,191,185,0,0,0,188,193,C
177,0,180,0,184,0,177,177,0,188,193,C
177,0,180,177,0,177,177,177,0,189,193,C
177,0,180,177,185,0,0,177,0,188,193,C
177,0,177,177,188,0,177,177,0,180,192,C
0,0,177,0,0,184,179,177,0,178,192,C
0,177,0,177,177,0,177,177,0,181,191,D
0,0,182,180,177,180,0,177,0,179,181,D
0,177,177,178,0,0,0,177,0,180,191,D
0,0,177,182,184,181,177,177,0,0,185,D
177,0,178,189,181,0,0,185,0,177,191,D
0,177,178,188,0,184,177,186,0,184,194,D
177,179,180,188,184,183,0,187,0,185,198,D
177,178,180,181,189,0,177,177,0,188,199,D
0,177,185,0,0,185,0,177,0,188,195.5,D
0,177,185,182,189,0,0,177,0,189,196,D
0,177,185,181,190,184,0,0,0,190,192,D
0,177,177,185,185,184,177,0,0,181,192,D
0,177,177,185,0,0,177,0,0,181,190,D
0,177,0,0,185,184,0,0,0,186,198,D
177,178,181,187,185,0,0,187,0,185,198,D
177,179,182,188,0,185,0,188,0,185,198,D
177,179,181,187,185,0,0,187,0,185,198,D
0,177,185,182,189,184,0,177,0,190,196,D
0,177,185,182,189,185,0,177,0,189,196,D
0,177,185,183,0,0,0,177,0,190,195,D
0,177,177,185,186,184,0,0,0,181,192,D
0,177,177,0,185,0,177,0,0,182,190,D
0,0,177,185,0,183,177,0,0,182,190,D
0,177,182,185,185,185,0,187,0,185,198,D
177,180,182,188,185,0,0,187,0,186,198,D
0,179,182,187,185,185,0,187,0,185,198,D
0,179,185,183,0,0,0,177,0,184,196,D
0,177,185,182,189,184,0,177,0,188.5,196,D
0,177,185,182,189,185,0,177,0,189,196,D
0,177,177,185,0,0,177,0,0,181,195,D
0,177,177,185,186,183,177,0,177,180,193,D
0,177,177,185,185,0,177,0,0,181,193,D
0,179,181,188,0,183,177,187,0,181,195,D
0,179,182,187,185,185,0,187,0,186,197,D
0,179,182,0,185,0,0,185,0,186,197,D
0,177,185,188,189,185,177,0,0,188,196,D
0,177,184,181,0,0,0,0,0,190,196,D
0,177,184,181,189,184,0,177,0,189,196,D
0,177,177,182,190,0,0,177,0,189,195,D
0,177,0,185,0,184,177,0,0,181,190,D
0,0,177,185,185,184,177,0,0,180,190,D
177,0,177,185,185,0,177,0,0,180,190,D
0,180,181,187,185,185,0,187,0,185,197,D
0,179,182,187,0,0,0,186,0,185.5,198,D
177,0,181,188,185,185,0,187,0,187,198,D
0,177,185,182,189,184,0,0,0,189,196,D
0,177,185,181,0,0,0,177,0,189,196,D
0,177,184,0,189,184,0,0,0,188,196,D
0,177,177,182,185,0,177,0,0,181,193,D
0,177,177,185,0,183,177,177,0,181,192,D
0,177,177,185,186,183,177,0,0,180,193,D
0,178,182,187,186,0,0,187,0,187,192,D
177,178,181,188,185,185,0,187,0,188,198,D
0,178,182,188,0,0,0,187,0,187,198,D
177,177,184,182,185,185,177,177,0,188,198,D
0,177,184,182,189,184,0,177,0,189,196,D
0,177,185,182,0,0,0,177,0,188,196,D
0,177,184,185,189,184,0,0,0,188,194.5,D
0,177,177,186,185,0,177,0,0,181,193,D
0,177,177,0,185,184,177,0,0,181,192,D
0,0,177,186,0,0,177,0,0,187,198,D
177,179,181,188,185,0,177,0,0,187,198,D
177,179,181,187,185,185,0,187,0,187,197,D
0,178,182,187,0,0,0,187,0,186,197,D
0,177,184,183,189,185,0,0,0,188,195,D
0,177,185,182,189,0,0,0,0,188.5,196,D
0,177,185,182,0,185,0,177,0,188,196,D
0,177,177,185,185,183,177,0,0,180,193,D
0,177,177,185,185,0,177,0,0,180,192,D
0,177,177,185,185,184,177,0,0,180,193,D
177,178,181,187,0,0,177,186,0,186,197,D
177,178,181,187,185,185,0,187,0,187,197,D
177,0,182,187,185,185,0,187,0,187,197,D
0,177,185,0,0,0,0,177,0,188,197,D
0,178,185,181,189,184,0,177,0,189,196,D
0,177,185,182,190,0,0,177,0,188,196,D
0,177,177,183,185,184,177,0,0,180,196,D
0,0,0,185,0,184,177,0,0,179,193,D
0,177,177,185,185,0,177,0,0,180,190,D
0,0,177,188,185,185,0,186,0,179,190,D
0,178,182,188,0,0,0,185,0,187,197,D
0,178,182,188,185,185,0,187,0,187,197.5,D
177,179,182,183,189,184,0,177,0,188,196,D
0,177,185,182,0,0,0,177,0,188,196,D
0,177,185,183,189,184,0,177,0,189,196,D
0,177,184,0,189,0,177,0,0,188,193,D
0,177,177,186,185,183,177,0,0,180,192,D
0,177,177,185,0,184,177,0,0,180,192,D
0,0,0,185,185,0,177,177,0,183.5,193,D
0,180,181,187,0,185,0,187,0,186,198,D
177,179,181,188,0,0,0,187,0,185,198,D
177,180,182,188,185,185,177,186,0,185,198,D
0,177,185,182,189,0,0,177,0,189,196,D
0,177,184,181,189,185,0,0,0,189,196,D
0,177,185,182,0,184,0,177,0,189,196,D
0,177,177,185,186,0,177,177,0,180.5,193,D
0,0,177,186,185,184,177,0,0,180,193,D
0,177,177,185,0,0,177,0,0,181,190,D
0,0,182,0,185,183,177,187,0,185,197,D
177,177,0,188,186,185,177,187,0,185,198,D
0,177,181,188,186,0,0,187,0,188,198,D
0,177,185,188,0,185,0,0,0,189,198,D
0,177,185,182,189,0,0,177,0,189,196,D
0,177,185,181,188,185,0,0,0,188.5,196,D
0,177,177,185,0,183,177,0,0,181,196,D
0,177,0,187,185,0,177,0,0,180,191,D
0,177,177,185,0,183,177,0,0,182,190,D
177,0,182,187,0,0,177,187,0,181,197,D
177,178,181,188,185,185,0,187,0,186,198,D
0,179,181,188,186,185,0,186,0,185,197,D
0,178,184,182,189,0,177,177,0,185,196,D
0,177,185,0,0,184,0,177,0,188.5,196,D
0,177,184,182,188,0,0,0,0,188,196,D
0,177,177,182,189,184,0,0,0,188,196,D
0,177,177,185,0,0,177,0,0,181,193,D
0,177,177,185,185,183,177,0,0,181,190,D
0,178,0,185,185,183,177,0,0,180,193,D
177,0,181,188,185,0,0,186,0,186,198,D
177,177,182,187,0,185,177,187,0,185,198,D
177,178,182,188,185,0,0,186,0,185,197,D
0,177,185,181,190,184,0,177,0,188,196,D
0,177,184,181,0,185,0,177,0,188,196,D
0,177,185,181,189,0,0,0,0,188,196,D
0,177,177,185,185,184,0,0,0,181,190,D
0,177,177,0,0,0,177,0,0,181,193,D
0,177,177,185,185,183,177,0,0,181,192,D
177,178,177,185,185,185,177,187,0,183.5,193,D
177,179,181,187,186,0,0,187,0,186,198,D
0,179,182,188,0,185,0,187,0,185,0,D
0,177,183,182,186,0,0,177,0,189,196.5,D
0,177,184,182,189,185,0,177,0,188,195,D
0,177,185,181,0,183,0,177,0,188,196,D
0,0,185,185,189,0,177,177,0,188,190,D
0,177,177,185,185,183,177,0,0,181.5,190,D
0,177,177,185,185,0,177,0,0,181,192,D
0,179,177,188,0,184,0,187,0,186,198,D
0,0,182,0,185,185,0,187,0,185,198,D
0,180,181,187,186,0,0,187,0,185,198,D
0,178,183,188,0,185,0,0,0,187,198,D
0,177,185,182,189,0,0,0,0,189,197,D
0,177,185,182,189,185,0,177,0,189,196,D
0,177,185,181,0,0,0,0,0,185.5,196,D
0,0,177,185,185,183,177,0,0,180,192,D
0,177,177,185,185,183,177,0,0,181,193,D
0,177,177,185,185,0,177,0,0,181,193,D
177,180,182,187,0,186,0,186,0,185,197,D
177,179,181,188,185,0,0,187,0,185,198,D
177,179,182,188,186,185,0,187,0,185,198,D
177,177,185,182,0,184,0,177,0,187,0,D
0,177,184,0,189,0,0,177,0,189,196,D
0,0,0,182,189,184,0,0,0,0,197,D
0,177,180.5,181,185,0,177,0,0,185,196,D
0,177,177,185,0,183,177,0,0,181,190,D
0,177,0,185,185,183,177,0,0,181,193,D
0,0,177,185,185,0,0,188,0,182,194,D
177,179,181,187,0,185,0,187,0,185,198,D
177,180,181,187,185,0,0,187,0,185.5,198,D
177,179,180,182,189,185,0,0,0,189,196,D
0,177,184,182,0,183,0,177,0,189,196,D
0,177,185,182,189,0,0,177,0,189,196,D
0,177,185,185,189,184,0,0,0,189,192,D
0,177,177,185,185,0,177,0,0,182,190,D
0,177,177,0,0,184,177,0,0,182,190,D
0,177,177,185,185,0,177,187,0,181,190,D
177,179,181,188,185,185,177,0,0,185,198,D
177,179,182,188,0,185,177,187,0,186,197,D
177,179,182,188,185,0,177,187,0,186,199,D
0,177,185,181,189,184,0,177,0,189,195,D
0,177,185,182,189,0,0,177,0,188,196,D
0,177,185,183,0,185,0,177,0,188,197,D
0,177,177,185,186,184,177,0,0,181,190,D
0,177,177,185,185,0,177,0,0,180.5,192,D
0,177,177,185,0,184,177,0,0,181,193,D
177,0,181,188,185,0,177,187,0,185,198,D
0,180,0,188,185,185,0,187,0,186,198,D
177,179,182,0,0,185,0,187,0,185,198,D
0,179,185,188,185,0,177,177,0,190,197,D
0,177,185,182,189,184,0,177,0,189,197,D
0,177,185,182,190,0,0,177,0,189,196,D
0,177,177,182,0,185,0,0,0,184,193,D
0,177,177,185,185,183,177,0,177,181,191,D
0,0,177,185,185,0,177,177,0,182,190,D
177,177,182,187,0,187,177,187,0,187,198,D
177,178,182,188,185,0,0,187,0,186,197,D
177,178,183,188,185,185,177,187,0,186,198,D
177,178,185,181,190,185,0,177,0,187,196,D
0,177,185,181,0,0,0,177,0,189.5,196,D
0,177,184,0,188,184,0,177,0,189,196,D
0,177,177,182,189,0,177,0,0,189,195,D
0,177,0,185,0,185,177,0,0,181,192,D
0,177,177,185,185,0,177,0,0,181,190,D
0,0,182,185,186,183,177,0,0,180,192,D
0,179,0,187,185,185,177,186,0,185,198,D
177,0,182,188,0,0,177,187,0,186,199,D
177,178,181,188,185,185,177,187,0,185,197,D
0,177,184,182,189,0,0,177,0,189,197,D
0,177,185,183,0,184,0,0,0,189,196,D
0,177,185,181,189,185,0,0,0,188,196,D
0,177,184,185,185,0,177,0,0,181,190,D
0,177,177,185,0,184,177,0,0,180,192,D
0,177,177,185,185,0,177,0,0,181,192,D
0,179,177,0,185,184,177,187,0,182.5,192,D
0,178,181,187,185,186,0,187,0,185,197.5,D
177,0,181,187,0,0,0,187,0,186,198,D
0,177,0,187,185,184,0,177,0,189,196,D
0,177,184,183,189,0,0,177,0,189,195,D
0,177,185,182,0,185,0,177,0,188,196,D
0,177,184,182,189,183,177,0,0,189,190,D
0,177,177,185,185,0,177,0,0,181,193,D
0,177,177,185,0,184,177,177,0,181,190,D
0,179,177,188,185,0,177,187,0,185,190,D
0,0,181,188,185,185,0,187,0,185,199,D
177,179,182,188,186,186,177,187,0,186,198,D
0,179,182,0,0,0,177,177,0,186,198,D
0,177,185,182,189,184,0,177,0,189,196,D
0,177,185,182,189,0,0,0,0,189,196,D
0,177,185,181,0,185,0,177,0,184,195,D
0,177,177,185,185,0,177,0,0,181,192,D
0,177,177,185,185,184,177,0,0,180,193,D
0,177,177,185,185,183,177,0,0,0,190,D
177,179,182,188,0,0,0,187,0,186,198,D
177,179,182,188,185,186,0,187,0,0,198,D
0,178,181,188,185,0,0,187,0,187,198,D
0,177,185,182,0,0,0,177,0,189,198,D
0,177,185,181,189,184,0,177,0,189,196,D
0,177,184,181,189,0,0,177,0,189,196.5,D
0,177,177,0,0,184,177,0,0,181,0,D
0,177,177,185,185,0,177,0,0,181,191.5,D
0,177,177,185,185,184,177,0,0,180,190,D
0,0,181,185,185,185,177,187,0,180,197,D
177,179,182,188,0,0,177,186,0,186,198,D
177,178,0,188,184,186,177,187,0,186.5,198,D
0,178,182,188,189,0,0,177,0,189,196,D
0,177,184,182,0,184,0,177,0,188,195,D
0,177,185,182,188,184,0,177,0,189,195,D
0,177,184,185,190,0,0,0,0,189,196,D
0,177,0,186,185,183,177,0,0,180,192,D
0,177,177,185,0,0,177,0,0,181,190,D
0,177,177,187,185,184,177,187,0,181,192,D
177,179,182,0,185,0,0,187,0,185.5,198,D
0,178,182,188,0,185,0,186,0,185,198,D
177,178,0,187,185,185,0,0,0,185,197,D
0,177,184,182,190,0,0,177,0,189,196,D
0,177,185,181,189,184,0,0,0,189,196,D
0,177,186,182,0,0,0,177,0,188,196,D
0,177,177,185,185,184,177,0,0,181,190,D
0,0,177,185,185,184,177,0,0,180,190,D
0,0,177,185,0,0,177,177,0,180,192,D
0,177.5,181,187,185,186,0,187,0,186,190,D
0,0,182,187,185,0,0,187,0,187,198,D
0,0,0,187,0,186,0,0,0,185,197.5,D
0,178,184,182,184,184,0,177,0,189,196,D
0,177,185,0,189,0,0,177,0,189,196,D
0,177,185,181,189,184,0,177,0,190,196,D
0,177,177,181,0,0,177,0,0,185,193,D
0,177,177,185,187,0,177,0,0,181,192,D
0,177,177,185,185,184,177,0,0,180,190,D
0,177,182,184,0,0,0,187,0,187,198,D
177,178,181,188,0,185,0,186,0,185,198,D
177,178,0,188,185,0,177,187,0,185,198,D
177,178,185,187,189,185,0,177,0,185,198,D
0,177,183,183,0,184,0,177,0,188,196,D
0,177,184,181,189,0,0,177,0,189,195,D
0,177,0,185,189,184,0,0,0,189,196,D
0,0,177,185,0,0,177,0,0,181,190,D
0,177,177,0,185,183,177,0,0,180,193,D
0,0,182,185,185,0,177,0,0,180,192,D
0,178,182,188,0,185,177,186,0,185,197,D
177,178,182,188,185,185,177,187,0,185,197,D
177,178,0,188,185,0,177,187,0,185,198,D
0,177,181,181,189,184,0,177,0,190,196,D
0,177,185,182,0,0,0,177,0,189,196,D
0,177,185,181,189,184,0,0,0,188,196,D
0,177,185,185,185,184,177,0,0,180,194,D
0,177,177,185,0,0,177,0,0,181,192,D
0,177,177,185,185,184,0,0,0,180,193,D
177,178,177,188,185,0,0,187,0,183,198,D
177,179,181,188,185,185,0,187,0,186,197,D
177,178,181,0,0,185,177,185,0,186,198,D
0,177,182,188,185,0,177,177,0,188,195,D
0,177,185,181,189,184,0,177,0,0,196,D
0,177,184,182,0,0,0,177,0,189,196,D
0,177,184,182,190,185,0,0,0,189,192,D
0,177,177,185,185,184,177,0,0,181,192,D
0,177,177,185,185,0,177,0,0,181,190,D
0,178,177,185,0,184,177,185,0,186,192,D
177,177,182,187,185,0,177,187,0,185,198,D
177,0,182,188,185,185,0,187,0,187,198,D
0,179,181,182,0,184,177,177,0,185,198,D
0,177,185,183,189,0,0,177,0,188,196,D
0,177,185,182,189,184,0,177,0,188,196,D
0,177,184,0,0,0,0,177,0,189,196,D
0,177,177,185,186,184,177,0,0,180,190,D
0,177,177,185,185,0,177,0,0,181,193,D
0,177,177,185,186,183,177,0,0,182,192,D
177,178,182,188,0,185,0,187,0,186,0,D
177,178,181,187,185,0,0,187,0,185,197,D
177,178,182,187,185,185,177,187,0,185,198,D
0,177,185,182,0,0,0,177,0,188,196,D
0,177,185,182,190,184,0,177,0,189,197,D
0,177,0,181,189,185,0,177,0,189,196,D
0,177,177,185,185,0,0,0,0,181,192,D
0,177,0,0,0,183,177,0,0,182,192,D
0,177,177,185,185,0,177,0,0,181,192,D
0,179,183,185,185,184,177,187,0,181,197,D
177,0,182,187,0,186,177,187,0,185,198,D
177,178,0,188,186,0,0,187,0,185,198,D
0,179,183.5,187,189,185,0,177,0,188,196,D
0,177,0,183,0,0,0,0,0,189,196,D
0,177,184,183,189,184,0,177,0,188,196,D
0,177,185,182,189,183,178,0,0,189,196,D
0,0,177,185,185,0,177,0,0,181,192,D
0,177,177,185,0,184,177,0,0,182,192,D
0,177,177,185,186,0,177,187,0,180,190,D
177,179,181,187,185,185,0,187,0,186.5,197,D
177,178,180,188,0,185,0,187,0,186,198,D
177,178,182,0,185,0,0,0,0,186,198,D
0,177,185,181,189,184,0,177,0,188,195,D
0,177,185,182,189,0,0,0,0,189,196,D
0,177,185,182,0,184,0,177,0,188,196,D
0,177,177,185,185,0,177,0,0,182,193,D
0,177,177,185,185,184,177,0,0,181,190,D
0,177,177,185,0,183,177,0,0,181,193,D
0,178,183,188,185,0,0,187,0,186,198,D
177,178,182,188,185,186,0,187,0,187,198,D
177,0,182,187,0,0,177,187,0,0,197,D
0,178,185,182,185,186,0,0,0,189,196,D
0,177,185,0,189,184,0,177,0,188,196,D
0,177,184,181,189,0,0,177,0,188,196,D
0,177,177,0,0,183,177,0,0,184.5,192,D
0,177,177,185,185,0,177,0,177,181,193,D
0,177,177,185,185,184,177,0,0,181,190,D
0,177,182,185,0,185,177,187,0,186,192,D
177,178,182,187,185,0,177,187,0,186,198,D
177,178,182,188,184,185,177,187,0,186,197,D
0,179,185,188,189,0,177,177,0,186,198,D
0,177,185,183,0,184,0,177,0,189,196,D
0,177,185,182,189,184,0,177,0,189,196,D
0,177,177,182,189,0,0,0,0,189,195,D
0,177,177,185,0,184,177,0,0,181,193,D
0,177,177,185,185,0,177,0,0,181,192,D
0,177,177,0,185,184,177,0,0,181,190,D
0,177,181,187,0,0,177,187,0,185,197,D
0,179,181,188,185,185,0,187,0,185,197,D
0,0,0,188,185,185,177,187,0,185.5,197,D
0,177,183,181,189,0,0,177,0,189,196.5,D
0,177,0,182,0,184,0,177,0,189,196,D
0,177,185,182,189,0,0,177,0,188,195,D
0,177,185,185,185,184,0,0,0,181,192,D
0,177,177,185,0,185,177,0,0,182,192,D
0,177,0,185,185,0,177,0,0,181,190,D
0,178,177,187,185,185,177,188,0,181,198,D
177,0,182,188,185,0,0,187,0,186.5,197,D
177,178,182,187,0,185,0,187,0,186,197,D
0,177,183,182,0,184,177,187,0,188,196,D
0,177,185,0,190,0,0,0,0,189,197,D
0,177,185,182,0,184,0,177,0,188,196,D
0,177,185,182,189,0,177,177,0,188,196,D
0,177,177,185,185,184,177,0,0,180,190,D
0,177,177,184,0,183,177,0,0,181,190,D
0,178,177,185,185,0,177,0,0,182.5,192,D
177,179,182,187,185,185,177,187,0,185,198,D
177,179,181,188,185,0,177,187,0,186,198,D
0,0,182,188,0,185,0,187,0,185,198,D
0,177,185,182,189,184,0,0,0,190,196,D
0,177,185,181,190,0,0,177,0,188,196,D
0,177,185,182,0,185,0,177,0,188,196,D
0,177,177,185,185,0,177,0,0,181,193,D
0,177,177,0,185,184,177,0,0,182,193,D
0,177,177,184,185,183,177,0,0,181,190,D
177,178,181,188,0,0,177,0,0,187,197,D
177,178,182,188,185,185,177,0,0,185,197,D
177,180,182,188,185,0,0,187,0,186,197,D
0,177,185,181,0,184,0,187,0,188,196,D
0,177,184,181,189,0,0,177,0,188,196,D
0,177,185,181,189,185,0,0,0,188,196,D
177,177,177,185,0,184,177,177,0,180,192,D
0,177,177,185,185,0,177,0,0,180,190,D
0,177,177,185,185,183,177,0,0,180,190,D
0,179,182,187,185,0,177,0,0,180,197,D
177,179,182,188,0,185,177,187,0,185,198,D
177,178,0,0,185,187,177,187,0,185,197,D
0,0,183.5,187,189,0,177,188,0,187.5,198,D
0,177,0,181,189,184,0,177,0,188,196,D
0,177,185,181,0,0,0,177,0,188,196,D
0,177,185,182,190,185,0,177,0,188,196,D
0,177,177,185,185,183,177,0,0,180,193,D
0,177,177,185,0,0,177,0,0,180,192,D
0,177,177,185,185,184,177,177,0,180,192,D
177,179,182,188,185,0,177,187,0,185,197,D
177,179,182,187,0,185,177,187,0,185,198,D
0,178,182,188,185,185,0,187,0,185,197,D
0,177,185,182,190,0,0,177,0,188,196,D
0,177,185,182,190,184,0,177,0,0,196,D
0,177,185,0,0,0,0,0,0,188,196,D
0,177,177,182,185,183,177,177,0,0,192,D
0,177,177,185,185,183,177,0,0,180,190,D
0,177,177,185,0,0,177,0,0,180.5,192,D
0,180,182,188,185,185,177,0,0,185,197,D
177,179,181,188,185,0,177,187,0,186,198,D
0,179,181,191,185,186,177,187,0,186,197,D
0,0,185,182,0,184,177,187,0,188,196,D
0,177,185,182,189,0,0,177,0,189,196,D
0,177,185,181,190,184,0,177,0,189,196,D
0,177,177,186,0,0,0,177,0,184,192,D
0,177,177,185,185,183,177,0,0,180,192,D
0,177,177,185,185,0,177,0,0,181,192,D
0,177,181,0,185,183,177,0,0,185,190,D
0,177,0,188,0,0,0,0,0,0,198,D
0,178,177,181,0,188,177,184.5,0,183,195,D
0,179,181,180,183,187,177,182,0,177,193,D
177,177,183,184,0,0,177,178,0,181,194,D
177,177,181,184,183,183,0,178,0,180,191,D
0,177,183,185,184,183,177,178,0,180,193,D
0,177,177,180,0,0,177,177,0,181,192,D
0,177,177,179,180,180,0,0,0,179,191.5,D
177,0,0,182,184,0,177,177,0,180,192,D
0,177,182,184,183,188,0,184,0,180,198,D
0,181,177,182,0,178,0,0,0,183,197,D
0,180,177,178,177,0,0,0,0,177,194,D
177,0,180,0,186,181,0,185,0,183,191,D
0,0,181,177,0,0,177,178,0,180,191,D
177,0,0,177,183,185,177,180,0,181,192,D
0,177,180,183,183,190,0,179,0,0,192,D
0,0,177,183,181,0,177,177,0,177,192,D
0,0,177,182,0,186,0,177,0,0,191,D
0,0,0,177,177,0,0,0,0,177,193,D
0,178,0,177,0,189,0,182,0,185,193,D
0,179,177,180,0,190,177,182,0,187,193,D
0,180,178,178,179,0,177,182,0,181,194,D
0,0,181,177,177,0,177,177,0,183,192,D
0,0,179,177,0,0,177,177,0,182,192,D
0,177,182,184,0,182,177,177,0,185,192,D
0,0,177,0,182,185,177,177,0,181,190,D
0,0,177,182,184,0,177,177,0,179,190,D
0,0,177,182,0,185,177,177,0,0,190,D
0,178,0,179,180,0,177,182,0,177,193,D
0,180,0,178,178,187,177,181,0,177,193,D
0,177,0,181,0,0,0,181,0,0,193.5,D
177,177,183,182,179,179,0,179,0,184,191,D
177,178,183,182,178,184,0,178,0,0,193,D
0,177,184,180,192,0,0,177,0,188,194,D
0,0,0,179,0,187,177,0,0,182.5,192,D
0,177,177,183,181,0,177,0,0,178,190,D
0,0,177,183,185,188,177,0,0,177,193,D
177,183,180,0,0,191,177,0,0,185,197,D
177,185,177,186,187,0,177,185,0,187,197,D
177,184,177,186,187,188,177,185,0,187,197,D
0,177,184,185,188,0,0,185,0,187,196,D
0,177,183,180,0,183,0,177,0,188.5,196,D
0,177,183,180,189,184,0,177,0,188,196,D
0,177,0,183,184,0,0,177,0,183,192,D
0,177,177,184,0,185,177,177,0,182,193,D
0,177,0,183,184,0,178,0,0,182,190,D
177,185,177,186,186,185,179,0,0,182,190,D
177,183,178,187,186,187,0,185,0,187,197,D
177,184,178,185,0,0,177,185,0,187.5,197,D
0,177,184,180,186,188,177,185,0,189,197,D
0,177,184,179,188,0,0,177,0,188,196,D
0,177,185,0,0,184,0,0,0,188,196,D
0,177,0,180,189,185,0,177,0,189,196,D
0,0,0,183,183,0,178,177,0,181,191,D
0,177,0,183,0,186,178.5,177,0,182,191,D
0,177,177,183,184,0,177,0,0,182,197,D
177,184,179,186,187,188,177,185,0,187.5,197,D
177,184,181,186,187,188,0,185,0,187,197,D
177,184,178,186,0,0,177,185,0,187,198,D
0,177,184,180,188,185,0,177,0,188,196,D
0,177,183,180,188,0,0,177,0,189,196,D
0,0,184,180,0,184,0,177,0,188,196,D
0,177,177,183,183,185,177,0,0,182,193,D
0,177,177,184,184,0,178,177,0,181.5,192,D
0,177,177,183,183,185,177,177,0,182,193,D
177,183,177,0,0,0,177,177,0,185,197,D
177,184,177,185,187,188,177,185,0,187,197,D
177,0,179,187,187,0,0,185,0,186,197,D
0,177,183,185,0,188,0,185,0,188,196,D
0,177,183,181,189,184,0,177,0,188,196,D
0,177,184,180,188,0,0,177,0,188,196,D
0,177,177,183,183,184,177,177,0,184.5,196,D
0,177,177,183,0,0,177,177,177,182,190,D
0,177,177,183,184,185,177,177,0,183,193,D
177,0,0,186,187,188,177,177,0,182,190,D
0,183,179,185,0,0,177,185,0,187,197,D
0,184,178,186,187,188,177,185,0,187,197,D
177,185,178,180,0,0,177,185,0,186,196,D
0,177,184,0,0,183,0,177,0,188.5,196,D
0,177,183,180,189,184,0,177,0,189,196,D
0,177,184,181,188,0,0,177,0,188,196,D
0,177,0,183,184,185,177,0,0,182,190,D
0,177,0,184,0,0,177,0,0,181,192,D
0,177,0,183,184,185,177,0,0,182,193,D
0,183,178,185,187,188,177,185,0,187,197,D
0,184,179,185,0,0,177,185,0,187,197,D
0,182,177,185,185,188,177,185,0,187.5,197,D
0,177,184,180,188,0,0,177,0,188,196,D
0,177,0,180,0,184,0,0,0,188,196,D
0,177,183.5,181,189,184,0,177,0,189,196,D
0,177,0,183,183,0,178,177,0,183,193,D
0,177,0,0,184,186,177,0,0,182,193,D
0,177,177,183,0,0,177,0,0,182,192,D
0,177,0,183,184,186,178,0,0,182.5,193,D
0,0,0,182,189,185,0,178,0,183,195,D
0,179,177,181,0,0,177,179,0,183,197,D
0,181,0,182,188,177,0,180,0,180,197,D